from_lat,from_lon,to_lat,to_lon,km,source
13.67603,100.60363,16.28676,102.78511,446.0,google
13.67603,100.60363,14.78251,101.9564,251.7,google
13.67603,100.60363,14.71108,101.44291,187.8,google
13.67603,100.60363,14.71352,100.82881,146.9,google
13.67603,100.60363,14.73648,102.11758,272.1,google
13.67603,100.60363,15.86157,102.01584,352.2,google
13.67603,100.60363,17.01995,100.32026,420.8,google
13.67603,100.60363,14.9075,100.08686,176.7,google
13.67603,100.60363,14.57319,100.08287,140.7,google
16.28676,102.78511,13.67603,100.60363,446.8,google
16.28676,102.78511,14.78251,101.9564,216.4,google
16.28676,102.78511,14.71108,101.44291,261.3,google
16.28676,102.78511,14.71352,100.82881,350.0,google
16.28676,102.78511,14.73648,102.11758,203.5,google
16.28676,102.78511,15.86157,102.01584,119.9,google
16.28676,102.78511,17.01995,100.32026,346.8,google
16.28676,102.78511,14.9075,100.08686,418.6,google
16.28676,102.78511,14.57319,100.08287,432.4,google
14.78251,101.9564,13.67603,100.60363,255.6,google
14.78251,101.9564,16.28676,102.78511,213.3,google
14.78251,101.9564,14.71108,101.44291,72.2,google
14.78251,101.9564,14.71352,100.82881,158.7,google
14.78251,101.9564,14.73648,102.11758,20.7,google
14.78251,101.9564,15.86157,102.01584,162.2,google
14.78251,101.9564,17.01995,100.32026,377.2,google
14.78251,101.9564,14.9075,100.08686,262.4,google
14.78251,101.9564,14.57319,100.08287,241.1,google
14.71108,101.44291,13.67603,100.60363,189.8,google
14.71108,101.44291,16.28676,102.78511,258.6,google
14.71108,101.44291,14.78251,101.9564,69.9,google
14.71108,101.44291,14.71352,100.82881,92.9,google
14.71108,101.44291,14.73648,102.11758,90.3,google
14.71108,101.44291,15.86157,102.01584,169.0,google
14.71108,101.44291,17.01995,100.32026,332.8,google
14.71108,101.44291,14.9075,100.08686,196.6,google
14.71108,101.44291,14.57319,100.08287,175.3,google
14.71352,100.82881,13.67603,100.60363,147.5,google
14.71352,100.82881,16.28676,102.78511,345.3,google
14.71352,100.82881,14.78251,101.9564,151.0,google
14.71352,100.82881,14.71108,101.44291,87.2,google
14.71352,100.82881,14.73648,102.11758,171.5,google
14.71352,100.82881,15.86157,102.01584,227.8,google
14.71352,100.82881,17.01995,100.32026,306.6,google
14.71352,100.82881,14.9075,100.08686,106.3,google
14.71352,100.82881,14.57319,100.08287,108.7,google
14.73648,102.11758,13.67603,100.60363,270.8,google
14.73648,102.11758,16.28676,102.78511,202.4,google
14.73648,102.11758,14.78251,101.9564,20.6,google
14.73648,102.11758,14.71108,101.44291,87.4,google
14.73648,102.11758,14.71352,100.82881,174.0,google
14.73648,102.11758,15.86157,102.01584,169.8,google
14.73648,102.11758,17.01995,100.32026,392.4,google
14.73648,102.11758,14.9075,100.08686,277.7,google
14.73648,102.11758,14.57319,100.08287,256.4,google
15.86157,102.01584,13.67603,100.60363,353.4,google
15.86157,102.01584,16.28676,102.78511,121.1,google
15.86157,102.01584,14.78251,101.9564,159.5,google
15.86157,102.01584,14.71108,101.44291,169.8,google
15.86157,102.01584,14.71352,100.82881,227.0,google
15.86157,102.01584,14.73648,102.11758,154.3,google
15.86157,102.01584,17.01995,100.32026,327.5,google
15.86157,102.01584,14.9075,100.08686,306.5,google
15.86157,102.01584,14.57319,100.08287,321.8,google
17.01995,100.32026,13.67603,100.60363,415.0,google
17.01995,100.32026,16.28676,102.78511,346.6,google
17.01995,100.32026,14.78251,101.9564,374.9,google
17.01995,100.32026,14.71108,101.44291,331.8,google
17.01995,100.32026,14.71352,100.82881,303.9,google
17.01995,100.32026,14.73648,102.11758,395.3,google
17.01995,100.32026,15.86157,102.01584,323.9,google
17.01995,100.32026,14.9075,100.08686,262.2,google
17.01995,100.32026,14.57319,100.08287,304.8,google
14.9075,100.08686,13.67603,100.60363,176.5,google
14.9075,100.08686,16.28676,102.78511,416.8,google
14.9075,100.08686,14.78251,101.9564,249.5,google
14.9075,100.08686,14.71108,101.44291,185.7,google
14.9075,100.08686,14.71352,100.82881,104.8,google
14.9075,100.08686,14.73648,102.11758,270.0,google
14.9075,100.08686,15.86157,102.01584,303.4,google
14.9075,100.08686,17.01995,100.32026,272.1,google
14.9075,100.08686,14.57319,100.08287,43.1,google
14.57319,100.08287,13.67603,100.60363,140.8,google
14.57319,100.08287,16.28676,102.78511,427.2,google
14.57319,100.08287,14.78251,101.9564,232.9,google
14.57319,100.08287,14.71108,101.44291,169.1,google
14.57319,100.08287,14.71352,100.82881,98.1,google
14.57319,100.08287,14.73648,102.11758,253.4,google
14.57319,100.08287,15.86157,102.01584,318.7,google
14.57319,100.08287,17.01995,100.32026,326.0,google
14.57319,100.08287,14.9075,100.08686,43.1,google
13.67603,100.60363,15.18526,100.23194,195.6,google
13.67603,100.60363,14.18789,100.47625,71.7,google
13.67603,100.60363,15.05041,101.70358,244.8,google
13.67603,100.60363,13.40652,101.20732,91.6,google
13.67603,100.60363,13.7447,102.324,209.1,google
13.67603,100.60363,14.62893,103.40957,413.7,google
13.67603,100.60363,15.3708,100.13534,222.9,google
13.67603,100.60363,13.82633,101.25721,104.4,google
13.67603,100.60363,13.97256,102.7732,270.6,google
13.67603,100.60363,13.95154,100.97472,68.8,google
16.28676,102.78511,15.18526,100.23194,389.3,google
16.28676,102.78511,14.18789,100.47625,406.1,google
16.28676,102.78511,15.05041,101.70358,212.7,google
16.28676,102.78511,13.40652,101.20732,418.5,google
16.28676,102.78511,13.7447,102.324,346.3,google
16.28676,102.78511,14.62893,103.40957,254.6,google
16.28676,102.78511,15.3708,100.13534,394.9,google
16.28676,102.78511,13.82633,101.25721,391.6,google
16.28676,102.78511,13.97256,102.7732,302.3,google
16.28676,102.78511,13.95154,100.97472,398.0,google
14.78251,101.9564,15.18526,100.23194,237.1,google
14.78251,101.9564,14.18789,100.47625,214.8,google
14.78251,101.9564,15.05041,101.70358,54.8,google
14.78251,101.9564,13.40652,101.20732,222.9,google
14.78251,101.9564,13.7447,102.324,178.4,google
14.78251,101.9564,14.62893,103.40957,162.3,google
14.78251,101.9564,15.3708,100.13534,252.0,google
14.78251,101.9564,13.82633,101.25721,196.0,google
14.78251,101.9564,13.97256,102.7732,180.1,google
14.78251,101.9564,13.95154,100.97472,206.8,google
14.71108,101.44291,15.18526,100.23194,185.6,google
14.71108,101.44291,14.18789,100.47625,149.0,google
14.71108,101.44291,15.05041,101.70358,61.6,google
14.71108,101.44291,13.40652,101.20732,255.7,google
14.71108,101.44291,13.7447,102.324,193.4,google
14.71108,101.44291,14.62893,103.40957,231.8,google
14.71108,101.44291,15.3708,100.13534,212.9,google
14.71108,101.44291,13.82633,101.25721,170.5,google
14.71108,101.44291,13.97256,102.7732,230.5,google
14.71108,101.44291,13.95154,100.97472,140.9,google
14.71352,100.82881,15.18526,100.23194,95.3,google
14.71352,100.82881,14.18789,100.47625,109.7,google
14.71352,100.82881,15.05041,101.70358,144.1,google
14.71352,100.82881,13.40652,101.20732,213.5,google
14.71352,100.82881,13.7447,102.324,222.9,google
14.71352,100.82881,14.62893,103.40957,313.0,google
14.71352,100.82881,15.3708,100.13534,122.6,google
14.71352,100.82881,13.82633,101.25721,139.6,google
14.71352,100.82881,13.97256,102.7732,280.6,google
14.71352,100.82881,13.95154,100.97472,103.8,google
14.73648,102.11758,15.18526,100.23194,252.4,google
14.73648,102.11758,14.18789,100.47625,230.1,google
14.73648,102.11758,15.05041,101.70358,70.0,google
14.73648,102.11758,13.40652,101.20732,222.6,google
14.73648,102.11758,13.7447,102.324,178.1,google
14.73648,102.11758,14.62893,103.40957,144.2,google
14.73648,102.11758,15.3708,100.13534,267.2,google
14.73648,102.11758,13.82633,101.25721,195.7,google
14.73648,102.11758,13.97256,102.7732,162.0,google
14.73648,102.11758,13.95154,100.97472,222.0,google
15.86157,102.01584,15.18526,100.23194,277.2,google
15.86157,102.01584,14.18789,100.47625,312.6,google
15.86157,102.01584,15.05041,101.70358,111.2,google
15.86157,102.01584,13.40652,101.20732,356.5,google
15.86157,102.01584,13.7447,102.324,312.0,google
15.86157,102.01584,14.62893,103.40957,261.8,google
15.86157,102.01584,15.3708,100.13534,281.3,google
15.86157,102.01584,13.82633,101.25721,334.1,google
15.86157,102.01584,13.97256,102.7732,294.5,google
15.86157,102.01584,13.95154,100.97472,304.6,google
17.01995,100.32026,15.18526,100.23194,225.4,google
17.01995,100.32026,14.18789,100.47625,358.9,google
17.01995,100.32026,15.05041,101.70358,335.5,google
17.01995,100.32026,13.40652,101.20732,492.2,google
17.01995,100.32026,13.7447,102.324,522.4,google
17.01995,100.32026,14.62893,103.40957,536.8,google
17.01995,100.32026,15.3708,100.13534,203.4,google
17.01995,100.32026,13.82633,101.25721,439.1,google
17.01995,100.32026,13.97256,102.7732,554.6,google
17.01995,100.32026,13.95154,100.97472,418.7,google
14.9075,100.08686,15.18526,100.23194,56.6,google
14.9075,100.08686,14.18789,100.47625,115.7,google
14.9075,100.08686,15.05041,101.70358,222.1,google
14.9075,100.08686,13.40652,101.20732,258.3,google
14.9075,100.08686,13.7447,102.324,305.0,google
14.9075,100.08686,14.62893,103.40957,411.5,google
14.9075,100.08686,15.3708,100.13534,68.4,google
14.9075,100.08686,13.82633,101.25721,238.1,google
14.9075,100.08686,13.97256,102.7732,362.7,google
14.9075,100.08686,13.95154,100.97472,185.0,google
14.57319,100.08287,15.18526,100.23194,99.1,google
14.57319,100.08287,14.18789,100.47625,79.9,google
14.57319,100.08287,15.05041,101.70358,226.0,google
14.57319,100.08287,13.40652,101.20732,222.6,google
14.57319,100.08287,13.7447,102.324,288.5,google
14.57319,100.08287,14.62893,103.40957,394.9,google
14.57319,100.08287,15.3708,100.13534,111.0,google
14.57319,100.08287,13.82633,101.25721,202.4,google
14.57319,100.08287,13.97256,102.7732,346.2,google
14.57319,100.08287,13.95154,100.97472,168.5,google
13.67603,100.60363,13.3375,101.08677,83.7,google
13.67603,100.60363,16.38124,103.22129,509.1,google
13.67603,100.60363,18.8401,98.98762,707.6,google
13.67603,100.60363,13.825,101.05471,71.6,google
13.67603,100.60363,13.61102,101.31725,97.5,google
13.67603,100.60363,14.65748,101.4045,181.1,google
13.67603,100.60363,13.40859,101.20776,90.8,google
13.67603,100.60363,14.83975,105.12624,612.6,google
13.67603,100.60363,14.19173,100.81368,75.9,google
13.67603,100.60363,13.93528,101.05366,83.5,google
16.28676,102.78511,13.3375,101.08677,434.2,google
16.28676,102.78511,16.38124,103.22129,63.2,google
16.28676,102.78511,18.8401,98.98762,660.9,google
16.28676,102.78511,13.825,101.05471,409.4,google
16.28676,102.78511,13.61102,101.31725,385.3,google
16.28676,102.78511,14.65748,101.4045,267.6,google
16.28676,102.78511,13.40859,101.20776,417.7,google
16.28676,102.78511,14.83975,105.12624,339.4,google
16.28676,102.78511,14.19173,100.81368,368.7,google
16.28676,102.78511,13.93528,101.05366,396.8,google
14.78251,101.9564,13.3375,101.08677,238.6,google
14.78251,101.9564,16.38124,103.22129,276.5,google
14.78251,101.9564,18.8401,98.98762,691.3,google
14.78251,101.9564,13.825,101.05471,218.1,google
14.78251,101.9564,13.61102,101.31725,189.7,google
14.78251,101.9564,14.65748,101.4045,80.0,google
14.78251,101.9564,13.40859,101.20776,222.1,google
14.78251,101.9564,14.83975,105.12624,361.2,google
14.78251,101.9564,14.19173,100.81368,177.5,google
14.78251,101.9564,13.93528,101.05366,205.5,google
14.71108,101.44291,13.3375,101.08677,247.8,google
14.71108,101.44291,16.38124,103.22129,321.8,google
14.71108,101.44291,18.8401,98.98762,646.9,google
14.71108,101.44291,13.825,101.05471,152.3,google
14.71108,101.44291,13.61102,101.31725,163.8,google
14.71108,101.44291,14.65748,101.4045,13.9,google
14.71108,101.44291,13.40859,101.20776,254.9,google
14.71108,101.44291,14.83975,105.12624,430.8,google
14.71108,101.44291,14.19173,100.81368,111.7,google
14.71108,101.44291,13.93528,101.05366,139.7,google
14.71352,100.82881,13.3375,101.08677,205.6,google
14.71352,100.82881,16.38124,103.22129,408.5,google
14.71352,100.82881,18.8401,98.98762,607.3,google
14.71352,100.82881,13.825,101.05471,121.4,google
14.71352,100.82881,13.61102,101.31725,167.8,google
14.71352,100.82881,14.65748,101.4045,80.4,google
14.71352,100.82881,13.40859,101.20776,212.7,google
14.71352,100.82881,14.83975,105.12624,511.9,google
14.71352,100.82881,14.19173,100.81368,70.0,google
14.71352,100.82881,13.93528,101.05366,108.8,google
14.73648,102.11758,13.3375,101.08677,238.3,google
14.73648,102.11758,16.38124,103.22129,265.5,google
14.73648,102.11758,18.8401,98.98762,706.5,google
14.73648,102.11758,13.825,101.05471,218.6,google
14.73648,102.11758,13.61102,101.31725,189.4,google
14.73648,102.11758,14.65748,101.4045,95.2,google
14.73648,102.11758,13.40859,101.20776,221.8,google
14.73648,102.11758,14.83975,105.12624,343.1,google
14.73648,102.11758,14.19173,100.81368,192.7,google
14.73648,102.11758,13.93528,101.05366,220.7,google
15.86157,102.01584,13.3375,101.08677,411.5,google
15.86157,102.01584,16.38124,103.22129,173.4,google
15.86157,102.01584,18.8401,98.98762,641.6,google
15.86157,102.01584,13.825,101.05471,315.9,google
15.86157,102.01584,13.61102,101.31725,323.3,google
15.86157,102.01584,14.65748,101.4045,174.1,google
15.86157,102.01584,13.40859,101.20776,355.7,google
15.86157,102.01584,14.83975,105.12624,402.7,google
15.86157,102.01584,14.19173,100.81368,275.3,google
15.86157,102.01584,13.93528,101.05366,303.3,google
17.01995,100.32026,13.3375,101.08677,484.3,google
17.01995,100.32026,16.38124,103.22129,387.7,google
17.01995,100.32026,18.8401,98.98762,318.7,google
17.01995,100.32026,13.825,101.05471,447.2,google
17.01995,100.32026,13.61102,101.31725,483.9,google
17.01995,100.32026,14.65748,101.4045,334.8,google
17.01995,100.32026,13.40859,101.20776,491.4,google
17.01995,100.32026,14.83975,105.12624,688.6,google
17.01995,100.32026,14.19173,100.81368,370.1,google
17.01995,100.32026,13.93528,101.05366,433.4,google
14.9075,100.08686,13.3375,101.08677,250.5,google
14.9075,100.08686,16.38124,103.22129,469.1,google
14.9075,100.08686,18.8401,98.98762,553.0,google
14.9075,100.08686,13.825,101.05471,205.5,google
14.9075,100.08686,13.61102,101.31725,242.2,google
14.9075,100.08686,14.65748,101.4045,178.9,google
14.9075,100.08686,13.40859,101.20776,257.6,google
14.9075,100.08686,14.83975,105.12624,610.4,google
14.9075,100.08686,14.19173,100.81368,136.4,google
14.9075,100.08686,13.93528,101.05366,199.7,google
14.57319,100.08287,13.3375,101.08677,214.7,google
14.57319,100.08287,16.38124,103.22129,490.4,google
14.57319,100.08287,18.8401,98.98762,595.6,google
14.57319,100.08287,13.825,101.05471,169.8,google
14.57319,100.08287,13.61102,101.31725,206.5,google
14.57319,100.08287,14.65748,101.4045,162.3,google
14.57319,100.08287,13.40859,101.20776,221.8,google
14.57319,100.08287,14.83975,105.12624,593.8,google
14.57319,100.08287,14.19173,100.81368,119.9,google
14.57319,100.08287,13.93528,101.05366,183.2,google
13.67603,100.60363,16.01714,102.81953,433.8,google
13.67603,100.60363,14.72791,102.01368,265.8,google
13.67603,100.60363,15.00326,100.0304,194.3,google
13.67603,100.60363,15.2784,100.09664,220.6,google
13.67603,100.60363,16.2741,100.12904,325.6,google
13.67603,100.60363,17.22814,102.90926,557.9,google
13.67603,100.60363,13.91644,101.04417,76.2,google
13.67603,100.60363,13.84778,101.06088,70.3,google
13.67603,100.60363,13.6796,100.90547,43.3,google
13.67603,100.60363,13.7209,100.80069,31.9,google
16.28676,102.78511,16.01714,102.81953,42.5,google
16.28676,102.78511,14.72791,102.01368,210.0,google
16.28676,102.78511,15.00326,100.0304,421.8,google
16.28676,102.78511,15.2784,100.09664,401.8,google
16.28676,102.78511,16.2741,100.12904,402.2,google
16.28676,102.78511,17.22814,102.90926,112.0,google
16.28676,102.78511,13.91644,101.04417,402.5,google
16.28676,102.78511,13.84778,101.06088,408.1,google
16.28676,102.78511,13.6796,100.90547,457.7,google
16.28676,102.78511,13.7209,100.80069,446.6,google
14.78251,101.9564,16.01714,102.81953,201.1,google
14.78251,101.9564,14.72791,102.01368,14.4,google
14.78251,101.9564,15.00326,100.0304,273.5,google
14.78251,101.9564,15.2784,100.09664,249.6,google
14.78251,101.9564,16.2741,100.12904,326.5,google
14.78251,101.9564,17.22814,102.90926,325.3,google
14.78251,101.9564,13.91644,101.04417,211.2,google
14.78251,101.9564,13.84778,101.06088,216.9,google
14.78251,101.9564,13.6796,100.90547,235.0,google
14.78251,101.9564,13.7209,100.80069,255.4,google
14.71108,101.44291,16.01714,102.81953,246.4,google
14.71108,101.44291,14.72791,102.01368,84.0,google
14.71108,101.44291,15.00326,100.0304,207.7,google
14.71108,101.44291,15.2784,100.09664,210.6,google
14.71108,101.44291,16.2741,100.12904,282.0,google
14.71108,101.44291,17.22814,102.90926,370.6,google
14.71108,101.44291,13.91644,101.04417,145.4,google
14.71108,101.44291,13.84778,101.06088,151.0,google
14.71108,101.44291,13.6796,100.90547,200.6,google
14.71108,101.44291,13.7209,100.80069,189.5,google
14.71352,100.82881,16.01714,102.81953,333.1,google
14.71352,100.82881,14.72791,102.01368,165.2,google
14.71352,100.82881,15.00326,100.0304,117.4,google
14.71352,100.82881,15.2784,100.09664,120.3,google
14.71352,100.82881,16.2741,100.12904,225.2,google
14.71352,100.82881,17.22814,102.90926,437.4,google
14.71352,100.82881,13.91644,101.04417,114.5,google
14.71352,100.82881,13.84778,101.06088,120.1,google
14.71352,100.82881,13.6796,100.90547,158.4,google
14.71352,100.82881,13.7209,100.80069,147.3,google
14.73648,102.11758,16.01714,102.81953,190.2,google
14.73648,102.11758,14.72791,102.01368,14.1,google
14.73648,102.11758,15.00326,100.0304,288.7,google
14.73648,102.11758,15.2784,100.09664,264.9,google
14.73648,102.11758,16.2741,100.12904,341.7,google
14.73648,102.11758,17.22814,102.90926,314.4,google
14.73648,102.11758,13.91644,101.04417,226.5,google
14.73648,102.11758,13.84778,101.06088,216.4,google
14.73648,102.11758,13.6796,100.90547,234.7,google
14.73648,102.11758,13.7209,100.80069,270.6,google
15.86157,102.01584,16.01714,102.81953,112.6,google
15.86157,102.01584,14.72791,102.01368,148.0,google
15.86157,102.01584,15.00326,100.0304,309.6,google
15.86157,102.01584,15.2784,100.09664,289.7,google
15.86157,102.01584,16.2741,100.12904,276.7,google
15.86157,102.01584,17.22814,102.90926,217.3,google
15.86157,102.01584,13.91644,101.04417,309.0,google
15.86157,102.01584,13.84778,101.06088,314.7,google
15.86157,102.01584,13.6796,100.90547,364.3,google
15.86157,102.01584,13.7209,100.80069,353.2,google
17.01995,100.32026,16.01714,102.81953,383.1,google
17.01995,100.32026,14.72791,102.01368,389.0,google
17.01995,100.32026,15.00326,100.0304,258.3,google
17.01995,100.32026,15.2784,100.09664,214.6,google
17.01995,100.32026,16.2741,100.12904,100.5,google
17.01995,100.32026,17.22814,102.90926,395.9,google
17.01995,100.32026,13.91644,101.04417,433.7,google
17.01995,100.32026,13.84778,101.06088,445.9,google
17.01995,100.32026,13.6796,100.90547,437.1,google
17.01995,100.32026,13.7209,100.80069,426.0,google
14.9075,100.08686,16.01714,102.81953,396.7,google
14.9075,100.08686,14.72791,102.01368,263.7,google
14.9075,100.08686,15.00326,100.0304,18.1,google
14.9075,100.08686,15.2784,100.09664,55.0,google
14.9075,100.08686,16.2741,100.12904,171.0,google
14.9075,100.08686,17.22814,102.90926,513.0,google
14.9075,100.08686,13.91644,101.04417,200.0,google
14.9075,100.08686,13.84778,101.06088,204.3,google
14.9075,100.08686,13.6796,100.90547,203.3,google
14.9075,100.08686,13.7209,100.80069,192.2,google
14.57319,100.08287,16.01714,102.81953,415.0,google
14.57319,100.08287,14.72791,102.01368,247.1,google
14.57319,100.08287,15.00326,100.0304,60.6,google
14.57319,100.08287,15.2784,100.09664,97.5,google
14.57319,100.08287,16.2741,100.12904,213.5,google
14.57319,100.08287,17.22814,102.90926,539.2,google
14.57319,100.08287,13.91644,101.04417,174.3,google
14.57319,100.08287,13.84778,101.06088,168.5,google
14.57319,100.08287,13.6796,100.90547,167.5,google
14.57319,100.08287,13.7209,100.80069,156.4,google
13.67603,100.60363,15.61027,103.824,502.3,google
13.67603,100.60363,15.68264,100.46821,258.0,google
13.67603,100.60363,15.54663,102.97559,400.4,google
13.67603,100.60363,16.32573,99.63809,343.9,google
13.67603,100.60363,13.98572,100.96352,67.6,google
13.67603,100.60363,13.83999,100.96635,59.9,google
13.67603,100.60363,15.53403,100.48399,242.0,google
13.67603,100.60363,16.0598,100.0351,310.2,google
13.67603,100.60363,15.10604,100.21214,196.2,google
13.67603,100.60363,13.83162,100.9114,57.8,google
16.28676,102.78511,15.61027,103.824,163.5,google
16.28676,102.78511,15.68264,100.46821,333.4,google
16.28676,102.78511,15.54663,102.97559,110.6,google
16.28676,102.78511,16.32573,99.63809,466.9,google
16.28676,102.78511,13.98572,100.96352,393.3,google
16.28676,102.78511,13.83999,100.96635,410.9,google
16.28676,102.78511,15.53403,100.48399,349.8,google
16.28676,102.78511,16.0598,100.0351,389.7,google
16.28676,102.78511,15.10604,100.21214,389.9,google
16.28676,102.78511,13.83162,100.9114,410.4,google
14.78251,101.9564,15.61027,103.824,269.7,google
14.78251,101.9564,15.68264,100.46821,246.0,google
14.78251,101.9564,15.54663,102.97559,167.8,google
14.78251,101.9564,16.32573,99.63809,372.9,google
14.78251,101.9564,13.98572,100.96352,202.0,google
14.78251,101.9564,13.83999,100.96635,219.6,google
14.78251,101.9564,15.53403,100.48399,230.0,google
14.78251,101.9564,16.0598,100.0351,325.8,google
14.78251,101.9564,15.10604,100.21214,237.7,google
14.78251,101.9564,13.83162,100.9114,219.1,google
14.71108,101.44291,15.61027,103.824,315.0,google
14.71108,101.44291,15.68264,100.46821,195.4,google
14.71108,101.44291,15.54663,102.97559,213.1,google
14.71108,101.44291,16.32573,99.63809,333.9,google
14.71108,101.44291,13.98572,100.96352,136.2,google
14.71108,101.44291,13.83999,100.96635,153.8,google
14.71108,101.44291,15.53403,100.48399,179.4,google
14.71108,101.44291,16.0598,100.0351,281.4,google
14.71108,101.44291,15.10604,100.21214,186.1,google
14.71108,101.44291,13.83162,100.9114,153.3,google
14.71352,100.82881,15.61027,103.824,401.7,google
14.71352,100.82881,15.68264,100.46821,157.6,google
14.71352,100.82881,15.54663,102.97559,299.8,google
14.71352,100.82881,16.32573,99.63809,243.6,google
14.71352,100.82881,13.98572,100.96352,102.6,google
14.71352,100.82881,13.83999,100.96635,116.6,google
14.71352,100.82881,15.53403,100.48399,127.8,google
14.71352,100.82881,16.0598,100.0351,209.8,google
14.71352,100.82881,15.10604,100.21214,95.8,google
14.71352,100.82881,13.83162,100.9114,111.6,google
14.73648,102.11758,15.61027,103.824,258.8,google
14.73648,102.11758,15.68264,100.46821,261.3,google
14.73648,102.11758,15.54663,102.97559,156.9,google
14.73648,102.11758,16.32573,99.63809,388.2,google
14.73648,102.11758,13.98572,100.96352,217.3,google
14.73648,102.11758,13.83999,100.96635,225.6,google
14.73648,102.11758,15.53403,100.48399,245.3,google
14.73648,102.11758,16.0598,100.0351,341.0,google
14.73648,102.11758,15.10604,100.21214,252.9,google
14.73648,102.11758,13.83162,100.9114,234.3,google
15.86157,102.01584,15.61027,103.824,223.7,google
15.86157,102.01584,15.68264,100.46821,219.8,google
15.86157,102.01584,15.54663,102.97559,121.8,google
15.86157,102.01584,16.32573,99.63809,338.2,google
15.86157,102.01584,13.98572,100.96352,299.8,google
15.86157,102.01584,13.83999,100.96635,317.4,google
15.86157,102.01584,15.53403,100.48399,236.2,google
15.86157,102.01584,16.0598,100.0351,276.1,google
15.86157,102.01584,15.10604,100.21214,277.7,google
15.86157,102.01584,13.83162,100.9114,316.9,google
17.01995,100.32026,15.61027,103.824,501.1,google
17.01995,100.32026,15.68264,100.46821,179.6,google
17.01995,100.32026,15.54663,102.97559,429.8,google
17.01995,100.32026,16.32573,99.63809,165.2,google
17.01995,100.32026,13.98572,100.96352,417.5,google
17.01995,100.32026,13.83999,100.96635,435.5,google
17.01995,100.32026,15.53403,100.48399,195.9,google
17.01995,100.32026,16.0598,100.0351,133.5,google
17.01995,100.32026,15.10604,100.21214,264.9,google
17.01995,100.32026,13.83162,100.9114,433.4,google
14.9075,100.08686,15.61027,103.824,500.2,google
14.9075,100.08686,15.68264,100.46821,121.2,google
14.9075,100.08686,15.54663,102.97559,398.3,google
14.9075,100.08686,16.32573,99.63809,189.3,google
14.9075,100.08686,13.98572,100.96352,183.8,google
14.9075,100.08686,13.83999,100.96635,193.9,google
14.9075,100.08686,15.53403,100.48399,105.3,google
14.9075,100.08686,16.0598,100.0351,155.6,google
14.9075,100.08686,15.10604,100.21214,29.6,google
14.9075,100.08686,13.83162,100.9114,191.8,google
14.57319,100.08287,15.61027,103.824,483.6,google
14.57319,100.08287,15.68264,100.46821,163.8,google
14.57319,100.08287,15.54663,102.97559,381.7,google
14.57319,100.08287,16.32573,99.63809,231.8,google
14.57319,100.08287,13.98572,100.96352,167.3,google
14.57319,100.08287,13.83999,100.96635,158.1,google
14.57319,100.08287,15.53403,100.48399,147.8,google
14.57319,100.08287,16.0598,100.0351,198.1,google
14.57319,100.08287,15.10604,100.21214,72.1,google
14.57319,100.08287,13.83162,100.9114,156.0,google
13.67603,100.60363,12.64045,102.0921,232.1,google
13.67603,100.60363,13.85167,101.0799,72.6,google
13.67603,100.60363,14.8798,100.3025,170.5,google
13.67603,100.60363,16.02498,103.84685,530.4,google
13.67603,100.60363,14.80226,101.89712,246.7,google
13.67603,100.60363,15.46899,100.15983,229.4,google
13.67603,100.60363,15.0652,104.05148,511.4,google
13.67603,100.60363,13.96135,101.88192,172.6,google
13.67603,100.60363,13.91039,101.65502,144.6,google
16.28676,102.78511,12.64045,102.0921,506.5,google
16.28676,102.78511,13.85167,101.0799,410.4,google
16.28676,102.78511,14.8798,100.3025,378.8,google
16.28676,102.78511,16.02498,103.84685,129.9,google
16.28676,102.78511,14.80226,101.89712,212.0,google
16.28676,102.78511,15.46899,100.15983,382.8,google
16.28676,102.78511,15.0652,104.05148,254.5,google
16.28676,102.78511,13.96135,101.88192,328.6,google
16.28676,102.78511,13.91039,101.65502,331.4,google
14.78251,101.9564,12.64045,102.0921,310.9,google
14.78251,101.9564,13.85167,101.0799,214.6,google
14.78251,101.9564,14.8798,100.3025,226.2,google
14.78251,101.9564,16.02498,103.84685,297.8,google
14.78251,101.9564,14.80226,101.89712,12.9,google
14.78251,101.9564,15.46899,100.15983,258.4,google
14.78251,101.9564,15.0652,104.05148,260.0,google
14.78251,101.9564,13.96135,101.88192,133.0,google
14.78251,101.9564,13.91039,101.65502,135.8,google
14.71108,101.44291,12.64045,102.0921,325.9,google
14.71108,101.44291,13.85167,101.0799,153.3,google
14.71108,101.44291,14.8798,100.3025,160.4,google
14.71108,101.44291,16.02498,103.84685,343.1,google
14.71108,101.44291,14.80226,101.89712,64.9,google
14.71108,101.44291,15.46899,100.15983,219.4,google
14.71108,101.44291,15.0652,104.05148,329.6,google
14.71108,101.44291,13.96135,101.88192,147.9,google
14.71108,101.44291,13.91039,101.65502,150.7,google
14.71352,100.82881,12.64045,102.0921,354.0,google
14.71352,100.82881,13.85167,101.0799,122.4,google
14.71352,100.82881,14.8798,100.3025,70.1,google
14.71352,100.82881,16.02498,103.84685,429.8,google
14.71352,100.82881,14.80226,101.89712,146.0,google
14.71352,100.82881,15.46899,100.15983,129.1,google
14.71352,100.82881,15.0652,104.05148,410.7,google
14.71352,100.82881,13.96135,101.88192,166.7,google
14.71352,100.82881,13.91039,101.65502,157.0,google
14.73648,102.11758,12.64045,102.0921,310.6,google
14.73648,102.11758,13.85167,101.0799,214.3,google
14.73648,102.11758,14.8798,100.3025,241.5,google
14.73648,102.11758,16.02498,103.84685,286.8,google
14.73648,102.11758,14.80226,101.89712,28.2,google
14.73648,102.11758,15.46899,100.15983,273.7,google
14.73648,102.11758,15.0652,104.05148,241.9,google
14.73648,102.11758,13.96135,101.88192,132.7,google
14.73648,102.11758,13.91039,101.65502,135.5,google
15.86157,102.01584,12.64045,102.0921,444.5,google
15.86157,102.01584,13.85167,101.0799,316.9,google
15.86157,102.01584,14.8798,100.3025,266.7,google
15.86157,102.01584,16.02498,103.84685,227.7,google
15.86157,102.01584,14.80226,101.89712,154.5,google
15.86157,102.01584,15.46899,100.15983,269.2,google
15.86157,102.01584,15.0652,104.05148,278.9,google
15.86157,102.01584,13.96135,101.88192,266.6,google
15.86157,102.01584,13.91039,101.65502,269.4,google
17.01995,100.32026,12.64045,102.0921,632.7,google
17.01995,100.32026,13.85167,101.0799,448.2,google
17.01995,100.32026,14.8798,100.3025,272.2,google
17.01995,100.32026,16.02498,103.84685,479.1,google
17.01995,100.32026,14.80226,101.89712,369.9,google
17.01995,100.32026,15.46899,100.15983,194.6,google
17.01995,100.32026,15.0652,104.05148,585.5,google
17.01995,100.32026,13.96135,101.88192,466.2,google
17.01995,100.32026,13.91039,101.65502,456.6,google
14.9075,100.08686,12.64045,102.0921,398.9,google
14.9075,100.08686,13.85167,101.0799,206.5,google
14.9075,100.08686,14.8798,100.3025,37.2,google
14.9075,100.08686,16.02498,103.84685,528.2,google
14.9075,100.08686,14.80226,101.89712,244.5,google
14.9075,100.08686,15.46899,100.15983,74.8,google
14.9075,100.08686,15.0652,104.05148,509.2,google
14.9075,100.08686,13.96135,101.88192,248.8,google
14.9075,100.08686,13.91039,101.65502,239.2,google
14.57319,100.08287,12.64045,102.0921,363.1,google
14.57319,100.08287,13.85167,101.0799,170.8,google
14.57319,100.08287,14.8798,100.3025,55.4,google
14.57319,100.08287,16.02498,103.84685,511.7,google
14.57319,100.08287,14.80226,101.89712,227.9,google
14.57319,100.08287,15.46899,100.15983,117.3,google
14.57319,100.08287,15.0652,104.05148,492.6,google
14.57319,100.08287,13.96135,101.88192,232.3,google
14.57319,100.08287,13.91039,101.65502,222.7,google
15.18526,100.23194,13.67603,100.60363,190.2,google
15.18526,100.23194,16.28676,102.78511,386.8,google
15.18526,100.23194,14.78251,101.9564,243.4,google
15.18526,100.23194,14.71108,101.44291,179.6,google
15.18526,100.23194,14.71352,100.82881,92.8,google
15.18526,100.23194,14.73648,102.11758,263.9,google
15.18526,100.23194,15.86157,102.01584,273.4,google
15.18526,100.23194,17.01995,100.32026,233.6,google
15.18526,100.23194,14.9075,100.08686,48.7,google
15.18526,100.23194,14.57319,100.08287,91.3,google
14.18789,100.47625,13.67603,100.60363,74.7,google
14.18789,100.47625,16.28676,102.78511,411.3,google
14.18789,100.47625,14.78251,101.9564,217.1,google
14.18789,100.47625,14.71108,101.44291,153.2,google
14.18789,100.47625,14.71352,100.82881,92.3,google
14.18789,100.47625,14.73648,102.11758,237.5,google
14.18789,100.47625,15.86157,102.01584,317.6,google
14.18789,100.47625,17.01995,100.32026,358.0,google
14.18789,100.47625,14.9075,100.08686,113.7,google
14.18789,100.47625,14.57319,100.08287,77.7,google
15.05041,101.70358,13.67603,100.60363,254.6,google
15.05041,101.70358,16.28676,102.78511,207.1,google
15.05041,101.70358,14.78251,101.9564,60.6,google
15.05041,101.70358,14.71108,101.44291,71.0,google
15.05041,101.70358,14.71352,100.82881,157.7,google
15.05041,101.70358,14.73648,102.11758,81.1,google
15.05041,101.70358,15.86157,102.01584,107.9,google
15.05041,101.70358,17.01995,100.32026,342.7,google
15.05041,101.70358,14.9075,100.08686,232.0,google
15.05041,101.70358,14.57319,100.08287,240.1,google
13.40652,101.20732,13.67603,100.60363,91.8,google
13.40652,101.20732,16.28676,102.78511,417.8,google
13.40652,101.20732,14.78251,101.9564,225.1,google
13.40652,101.20732,14.71108,101.44291,209.7,google
13.40652,101.20732,14.71352,100.82881,175.8,google
13.40652,101.20732,14.73648,102.11758,225.2,google
13.40652,101.20732,15.86157,102.01584,374.3,google
13.40652,101.20732,17.01995,100.32026,489.5,google
13.40652,101.20732,14.9075,100.08686,258.7,google
13.40652,101.20732,14.57319,100.08287,222.7,google
13.7447,102.324,13.67603,100.60363,209.7,google
13.7447,102.324,16.28676,102.78511,352.4,google
13.7447,102.324,14.78251,101.9564,183.1,google
13.7447,102.324,14.71108,101.44291,196.6,google
13.7447,102.324,14.71352,100.82881,223.4,google
13.7447,102.324,14.73648,102.11758,183.2,google
13.7447,102.324,15.86157,102.01584,332.3,google
13.7447,102.324,17.01995,100.32026,524.6,google
13.7447,102.324,14.9075,100.08686,307.8,google
13.7447,102.324,14.57319,100.08287,297.1,google
14.62893,103.40957,13.67603,100.60363,415.9,google
14.62893,103.40957,16.28676,102.78511,253.3,google
14.62893,103.40957,14.78251,101.9564,165.7,google
14.62893,103.40957,14.71108,101.44291,232.5,google
14.62893,103.40957,14.71352,100.82881,319.1,google
14.62893,103.40957,14.73648,102.11758,145.1,google
14.62893,103.40957,15.86157,102.01584,265.0,google
14.62893,103.40957,17.01995,100.32026,537.5,google
14.62893,103.40957,14.9075,100.08686,422.7,google
14.62893,103.40957,14.57319,100.08287,401.4,google
15.3708,100.13534,13.67603,100.60363,215.6,google
15.3708,100.13534,16.28676,102.78511,394.5,google
15.3708,100.13534,14.78251,101.9564,247.1,google
15.3708,100.13534,14.71108,101.44291,205.0,google
15.3708,100.13534,14.71352,100.82881,118.3,google
15.3708,100.13534,14.73648,102.11758,267.6,google
15.3708,100.13534,15.86157,102.01584,277.1,google
15.3708,100.13534,17.01995,100.32026,210.9,google
15.3708,100.13534,14.9075,100.08686,59.1,google
15.3708,100.13534,14.57319,100.08287,101.6,google
13.82633,101.25721,13.67603,100.60363,106.2,google
13.82633,101.25721,16.28676,102.78511,390.1,google
13.82633,101.25721,14.78251,101.9564,197.4,google
13.82633,101.25721,14.71108,101.44291,171.5,google
13.82633,101.25721,14.71352,100.82881,141.5,google
13.82633,101.25721,14.73648,102.11758,197.5,google
13.82633,101.25721,15.86157,102.01584,304.9,google
13.82633,101.25721,17.01995,100.32026,442.7,google
13.82633,101.25721,14.9075,100.08686,239.0,google
13.82633,101.25721,14.57319,100.08287,203.1,google
13.97256,102.7732,13.67603,100.60363,271.4,google
13.97256,102.7732,16.28676,102.78511,308.5,google
13.97256,102.7732,14.78251,101.9564,187.3,google
13.97256,102.7732,14.71108,101.44291,234.4,google
13.97256,102.7732,14.71352,100.82881,281.7,google
13.97256,102.7732,14.73648,102.11758,166.7,google
13.97256,102.7732,15.86157,102.01584,294.4,google
13.97256,102.7732,17.01995,100.32026,559.2,google
13.97256,102.7732,14.9075,100.08686,366.0,google
13.97256,102.7732,14.57319,100.08287,355.4,google
13.95154,100.97472,13.67603,100.60363,71.8,google
13.95154,100.97472,16.28676,102.78511,399.5,google
13.95154,100.97472,14.78251,101.9564,205.2,google
13.95154,100.97472,14.71108,101.44291,141.4,google
13.95154,100.97472,14.71352,100.82881,105.2,google
13.95154,100.97472,14.73648,102.11758,225.7,google
13.95154,100.97472,15.86157,102.01584,305.8,google
13.95154,100.97472,17.01995,100.32026,416.3,google
13.95154,100.97472,14.9075,100.08686,184.6,google
13.95154,100.97472,14.57319,100.08287,166.5,google
15.18526,100.23194,14.18789,100.47625,134.1,google
15.18526,100.23194,15.05041,101.70358,192.1,google
15.18526,100.23194,13.40652,101.20732,267.4,google
15.18526,100.23194,13.7447,102.324,313.9,google
15.18526,100.23194,14.62893,103.40957,405.4,google
15.18526,100.23194,15.3708,100.13534,29.8,google
15.18526,100.23194,13.82633,101.25721,230.6,google
15.18526,100.23194,13.97256,102.7732,371.6,google
15.18526,100.23194,13.95154,100.97472,193.9,google
14.18789,100.47625,15.18526,100.23194,132.8,google
14.18789,100.47625,15.05041,101.70358,210.2,google
14.18789,100.47625,13.40652,101.20732,156.5,google
14.18789,100.47625,13.7447,102.324,265.5,google
14.18789,100.47625,14.62893,103.40957,379.0,google
14.18789,100.47625,15.3708,100.13534,160.1,google
14.18789,100.47625,13.82633,101.25721,136.4,google
14.18789,100.47625,13.97256,102.7732,327.0,google
14.18789,100.47625,13.95154,100.97472,98.5,google
15.05041,101.70358,15.18526,100.23194,202.7,google
15.05041,101.70358,14.18789,100.47625,213.8,google
15.05041,101.70358,13.40652,101.20732,320.5,google
15.05041,101.70358,13.7447,102.324,238.8,google
15.05041,101.70358,14.62893,103.40957,222.6,google
15.05041,101.70358,15.3708,100.13534,217.5,google
15.05041,101.70358,13.82633,101.25721,235.3,google
15.05041,101.70358,13.97256,102.7732,240.4,google
15.05041,101.70358,13.95154,100.97472,205.8,google
13.40652,101.20732,15.18526,100.23194,264.3,google
13.40652,101.20732,14.18789,100.47625,153.7,google
13.40652,101.20732,15.05041,101.70358,274.5,google
13.40652,101.20732,13.7447,102.324,153.3,google
13.40652,101.20732,14.62893,103.40957,341.0,google
13.40652,101.20732,15.3708,100.13534,291.6,google
13.40652,101.20732,13.82633,101.25721,58.9,google
13.40652,101.20732,13.97256,102.7732,214.9,google
13.40652,101.20732,13.95154,100.97472,77.0,google
13.7447,102.324,15.18526,100.23194,314.4,google
13.7447,102.324,14.18789,100.47625,250.7,google
13.7447,102.324,15.05041,101.70358,232.6,google
13.7447,102.324,13.40652,101.20732,152.6,google
13.7447,102.324,14.62893,103.40957,189.1,google
13.7447,102.324,15.3708,100.13534,341.7,google
13.7447,102.324,13.82633,101.25721,125.7,google
13.7447,102.324,13.97256,102.7732,62.0,google
13.7447,102.324,13.95154,100.97472,179.9,google
14.62893,103.40957,15.18526,100.23194,397.5,google
14.62893,103.40957,14.18789,100.47625,375.2,google
14.62893,103.40957,15.05041,101.70358,215.1,google
14.62893,103.40957,13.40652,101.20732,341.9,google
14.62893,103.40957,13.7447,102.324,190.6,google
14.62893,103.40957,15.3708,100.13534,412.3,google
14.62893,103.40957,13.82633,101.25721,315.0,google
14.62893,103.40957,13.97256,102.7732,146.5,google
14.62893,103.40957,13.95154,100.97472,367.1,google
15.3708,100.13534,15.18526,100.23194,25.6,google
15.3708,100.13534,14.18789,100.47625,159.5,google
15.3708,100.13534,15.05041,101.70358,207.7,google
15.3708,100.13534,13.40652,101.20732,292.9,google
15.3708,100.13534,13.7447,102.324,339.4,google
15.3708,100.13534,14.62893,103.40957,409.1,google
15.3708,100.13534,13.82633,101.25721,256.1,google
15.3708,100.13534,13.97256,102.7732,397.1,google
15.3708,100.13534,13.95154,100.97472,219.4,google
13.82633,101.25721,15.18526,100.23194,251.5,google
13.82633,101.25721,14.18789,100.47625,133.2,google
13.82633,101.25721,15.05041,101.70358,197.5,google
13.82633,101.25721,13.40652,101.20732,59.6,google
13.82633,101.25721,13.7447,102.324,125.7,google
13.82633,101.25721,14.62893,103.40957,313.3,google
13.82633,101.25721,15.3708,100.13534,278.8,google
13.82633,101.25721,13.97256,102.7732,187.2,google
13.82633,101.25721,13.95154,100.97472,54.4,google
13.97256,102.7732,15.18526,100.23194,372.6,google
13.97256,102.7732,14.18789,100.47625,312.4,google
13.97256,102.7732,15.05041,101.70358,236.7,google
13.97256,102.7732,13.40652,101.20732,214.3,google
13.97256,102.7732,13.7447,102.324,62.0,google
13.97256,102.7732,14.62893,103.40957,145.2,google
13.97256,102.7732,15.3708,100.13534,399.9,google
13.97256,102.7732,13.82633,101.25721,187.4,google
13.97256,102.7732,13.95154,100.97472,241.5,google
13.95154,100.97472,15.18526,100.23194,191.1,google
13.95154,100.97472,14.18789,100.47625,92.5,google
13.95154,100.97472,15.05041,101.70358,198.3,google
13.95154,100.97472,13.40652,101.20732,76.6,google
13.95154,100.97472,13.7447,102.324,184.5,google
13.95154,100.97472,14.62893,103.40957,367.2,google
13.95154,100.97472,15.3708,100.13534,218.4,google
13.95154,100.97472,13.82633,101.25721,54.3,google
13.95154,100.97472,13.97256,102.7732,246.0,google
15.18526,100.23194,13.3375,101.08677,259.5,google
15.18526,100.23194,16.38124,103.22129,439.1,google
15.18526,100.23194,18.8401,98.98762,514.5,google
15.18526,100.23194,13.825,101.05471,222.4,google
15.18526,100.23194,13.61102,101.31725,259.1,google
15.18526,100.23194,14.65748,101.4045,172.8,google
15.18526,100.23194,13.40859,101.20776,266.6,google
15.18526,100.23194,14.83975,105.12624,604.3,google
15.18526,100.23194,14.19173,100.81368,145.3,google
15.18526,100.23194,13.93528,101.05366,208.6,google
14.18789,100.47625,13.3375,101.08677,148.6,google
14.18789,100.47625,16.38124,103.22129,474.5,google
14.18789,100.47625,18.8401,98.98762,644.8,google
14.18789,100.47625,13.825,101.05471,103.8,google
14.18789,100.47625,13.61102,101.31725,153.9,google
14.18789,100.47625,14.65748,101.4045,146.4,google
14.18789,100.47625,13.40859,101.20776,155.7,google
14.18789,100.47625,14.83975,105.12624,578.0,google
14.18789,100.47625,14.19173,100.81368,65.3,google
14.18789,100.47625,13.93528,101.05366,113.2,google
15.05041,101.70358,13.3375,101.08677,312.6,google
15.05041,101.70358,16.38124,103.22129,273.6,google
15.05041,101.70358,18.8401,98.98762,656.8,google
15.05041,101.70358,13.825,101.05471,217.1,google
15.05041,101.70358,13.61102,101.31725,250.1,google
15.05041,101.70358,14.65748,101.4045,75.3,google
15.05041,101.70358,13.40859,101.20776,319.8,google
15.05041,101.70358,14.83975,105.12624,421.5,google
15.05041,101.70358,14.19173,100.81368,176.5,google
15.05041,101.70358,13.93528,101.05366,204.5,google
13.40652,101.20732,13.3375,101.08677,28.2,google
13.40652,101.20732,16.38124,103.22129,481.0,google
13.40652,101.20732,18.8401,98.98762,776.3,google
13.40652,101.20732,13.825,101.05471,53.9,google
13.40652,101.20732,13.61102,101.31725,36.0,google
13.40652,101.20732,14.65748,101.4045,202.9,google
13.40652,101.20732,13.40859,101.20776,0.9,google
13.40652,101.20732,14.83975,105.12624,540.0,google
13.40652,101.20732,14.19173,100.81368,115.8,google
13.40652,101.20732,13.93528,101.05366,77.3,google
13.7447,102.324,13.3375,101.08677,168.3,google
13.7447,102.324,16.38124,103.22129,377.7,google
13.7447,102.324,18.8401,98.98762,826.4,google
13.7447,102.324,13.825,101.05471,166.4,google
13.7447,102.324,13.61102,101.31725,119.4,google
13.7447,102.324,14.65748,101.4045,193.4,google
13.7447,102.324,13.40859,101.20776,151.8,google
13.7447,102.324,14.83975,105.12624,388.0,google
13.7447,102.324,14.19173,100.81368,192.8,google
13.7447,102.324,13.93528,101.05366,170.6,google
14.62893,103.40957,13.3375,101.08677,357.6,google
14.62893,103.40957,16.38124,103.22129,239.6,google
14.62893,103.40957,18.8401,98.98762,851.6,google
14.62893,103.40957,13.825,101.05471,355.7,google
14.62893,103.40957,13.61102,101.31725,308.7,google
14.62893,103.40957,14.65748,101.4045,240.3,google
14.62893,103.40957,13.40859,101.20776,341.1,google
14.62893,103.40957,14.83975,105.12624,200.6,google
14.62893,103.40957,14.19173,100.81368,337.8,google
14.62893,103.40957,13.93528,101.05366,365.8,google
15.3708,100.13534,13.3375,101.08677,285.0,google
15.3708,100.13534,16.38124,103.22129,446.8,google
15.3708,100.13534,18.8401,98.98762,491.8,google
15.3708,100.13534,13.825,101.05471,247.9,google
15.3708,100.13534,13.61102,101.31725,284.6,google
15.3708,100.13534,14.65748,101.4045,198.3,google
15.3708,100.13534,13.40859,101.20776,292.1,google
15.3708,100.13534,14.83975,105.12624,608.0,google
15.3708,100.13534,14.19173,100.81368,170.8,google
15.3708,100.13534,13.93528,101.05366,234.1,google
13.82633,101.25721,13.3375,101.08677,86.8,google
13.82633,101.25721,16.38124,103.22129,453.3,google
13.82633,101.25721,18.8401,98.98762,763.5,google
13.82633,101.25721,13.825,101.05471,37.7,google
13.82633,101.25721,13.61102,101.31725,34.5,google
13.82633,101.25721,14.65748,101.4045,133.9,google
13.82633,101.25721,13.40859,101.20776,58.8,google
13.82633,101.25721,14.83975,105.12624,512.3,google
13.82633,101.25721,14.19173,100.81368,99.4,google
13.82633,101.25721,13.93528,101.05366,55.7,google
13.97256,102.7732,13.3375,101.08677,229.9,google
13.97256,102.7732,16.38124,103.22129,333.9,google
13.97256,102.7732,18.8401,98.98762,873.3,google
13.97256,102.7732,13.825,101.05471,228.0,google
13.97256,102.7732,13.61102,101.31725,181.1,google
13.97256,102.7732,14.65748,101.4045,231.1,google
13.97256,102.7732,13.40859,101.20776,213.5,google
13.97256,102.7732,14.83975,105.12624,344.2,google
13.97256,102.7732,14.19173,100.81368,251.1,google
13.97256,102.7732,13.93528,101.05366,232.2,google
13.95154,100.97472,13.3375,101.08677,87.0,google
13.95154,100.97472,16.38124,103.22129,462.7,google
13.95154,100.97472,18.8401,98.98762,703.1,google
13.95154,100.97472,13.825,101.05471,24.7,google
13.95154,100.97472,13.61102,101.31725,72.9,google
13.95154,100.97472,14.65748,101.4045,134.6,google
13.95154,100.97472,13.40859,101.20776,75.8,google
13.95154,100.97472,14.83975,105.12624,566.1,google
13.95154,100.97472,14.19173,100.81368,45.2,google
13.95154,100.97472,13.93528,101.05366,20.2,google
15.18526,100.23194,16.01714,102.81953,366.7,google
15.18526,100.23194,14.72791,102.01368,257.6,google
15.18526,100.23194,15.00326,100.0304,51.9,google
15.18526,100.23194,15.2784,100.09664,27.5,google
15.18526,100.23194,16.2741,100.12904,132.5,google
15.18526,100.23194,17.22814,102.90926,483.0,google
15.18526,100.23194,13.91644,101.04417,208.9,google
15.18526,100.23194,13.84778,101.06088,221.1,google
15.18526,100.23194,13.6796,100.90547,212.3,google
15.18526,100.23194,13.7209,100.80069,201.2,google
14.18789,100.47625,16.01714,102.81953,399.1,google
14.18789,100.47625,14.72791,102.01368,231.2,google
14.18789,100.47625,15.00326,100.0304,131.3,google
14.18789,100.47625,15.2784,100.09664,157.8,google
14.18789,100.47625,16.2741,100.12904,262.8,google
14.18789,100.47625,17.22814,102.90926,523.3,google
14.18789,100.47625,13.91644,101.04417,113.5,google
14.18789,100.47625,13.84778,101.06088,102.5,google
14.18789,100.47625,13.6796,100.90547,101.4,google
14.18789,100.47625,13.7209,100.80069,90.3,google
15.05041,101.70358,16.01714,102.81953,194.9,google
15.05041,101.70358,14.72791,102.01368,74.8,google
15.05041,101.70358,15.00326,100.0304,235.1,google
15.05041,101.70358,15.2784,100.09664,215.2,google
15.05041,101.70358,16.2741,100.12904,292.0,google
15.05041,101.70358,17.22814,102.90926,317.5,google
15.05041,101.70358,13.91644,101.04417,210.2,google
15.05041,101.70358,13.84778,101.06088,215.8,google
15.05041,101.70358,13.6796,100.90547,265.4,google
15.05041,101.70358,13.7209,100.80069,254.3,google
13.40652,101.20732,16.01714,102.81953,405.6,google
13.40652,101.20732,14.72791,102.01368,209.7,google
13.40652,101.20732,15.00326,100.0304,276.2,google
13.40652,101.20732,15.2784,100.09664,289.3,google
13.40652,101.20732,16.2741,100.12904,394.3,google
13.40652,101.20732,17.22814,102.90926,529.8,google
13.40652,101.20732,13.91644,101.04417,64.2,google
13.40652,101.20732,13.84778,101.06088,56.7,google
13.40652,101.20732,13.6796,100.90547,53.7,google
13.40652,101.20732,13.7209,100.80069,70.8,google
13.7447,102.324,16.01714,102.81953,317.4,google
13.7447,102.324,14.72791,102.01368,167.7,google
13.7447,102.324,15.00326,100.0304,336.4,google
13.7447,102.324,15.2784,100.09664,339.3,google
13.7447,102.324,16.2741,100.12904,444.3,google
13.7447,102.324,17.22814,102.90926,464.3,google
13.7447,102.324,13.91644,101.04417,163.5,google
13.7447,102.324,13.84778,101.06088,169.2,google
13.7447,102.324,13.6796,100.90547,164.7,google
13.7447,102.324,13.7209,100.80069,177.2,google
14.62893,103.40957,16.01714,102.81953,213.7,google
14.62893,103.40957,14.72791,102.01368,159.2,google
14.62893,103.40957,15.00326,100.0304,433.8,google
14.62893,103.40957,15.2784,100.09664,410.0,google
14.62893,103.40957,16.2741,100.12904,486.8,google
14.62893,103.40957,17.22814,102.90926,365.3,google
14.62893,103.40957,13.91644,101.04417,371.6,google
14.62893,103.40957,13.84778,101.06088,359.4,google
14.62893,103.40957,13.6796,100.90547,354.0,google
14.62893,103.40957,13.7209,100.80069,366.5,google
15.3708,100.13534,16.01714,102.81953,382.4,google
15.3708,100.13534,14.72791,102.01368,261.3,google
15.3708,100.13534,15.00326,100.0304,55.1,google
15.3708,100.13534,15.2784,100.09664,11.4,google
15.3708,100.13534,16.2741,100.12904,109.7,google
15.3708,100.13534,17.22814,102.90926,490.7,google
15.3708,100.13534,13.91644,101.04417,234.4,google
15.3708,100.13534,13.84778,101.06088,246.6,google
15.3708,100.13534,13.6796,100.90547,237.8,google
15.3708,100.13534,13.7209,100.80069,226.7,google
13.82633,101.25721,16.01714,102.81953,377.9,google
13.82633,101.25721,14.72791,102.01368,182.0,google
13.82633,101.25721,15.00326,100.0304,256.6,google
13.82633,101.25721,15.2784,100.09664,276.5,google
13.82633,101.25721,16.2741,100.12904,381.4,google
13.82633,101.25721,17.22814,102.90926,502.1,google
13.82633,101.25721,13.91644,101.04417,42.7,google
13.82633,101.25721,13.84778,101.06088,35.5,google
13.82633,101.25721,13.6796,100.90547,61.1,google
13.82633,101.25721,13.7209,100.80069,73.7,google
13.97256,102.7732,16.01714,102.81953,273.6,google
13.97256,102.7732,14.72791,102.01368,180.9,google
13.97256,102.7732,15.00326,100.0304,394.7,google
13.97256,102.7732,15.2784,100.09664,397.6,google
13.97256,102.7732,16.2741,100.12904,502.6,google
13.97256,102.7732,17.22814,102.90926,420.5,google
13.97256,102.7732,13.91644,101.04417,225.2,google
13.97256,102.7732,13.84778,101.06088,230.8,google
13.97256,102.7732,13.6796,100.90547,226.4,google
13.97256,102.7732,13.7209,100.80069,238.9,google
13.95154,100.97472,16.01714,102.81953,387.3,google
13.95154,100.97472,14.72791,102.01368,219.4,google
13.95154,100.97472,15.00326,100.0304,213.2,google
13.95154,100.97472,15.2784,100.09664,216.1,google
13.95154,100.97472,16.2741,100.12904,321.1,google
13.95154,100.97472,17.22814,102.90926,511.5,google
13.95154,100.97472,13.91644,101.04417,15.2,google
13.95154,100.97472,13.84778,101.06088,23.5,google
13.95154,100.97472,13.6796,100.90547,39.6,google
13.95154,100.97472,13.7209,100.80069,42.7,google
15.18526,100.23194,15.61027,103.824,473.4,google
15.18526,100.23194,15.68264,100.46821,80.9,google
15.18526,100.23194,15.54663,102.97559,371.6,google
15.18526,100.23194,16.32573,99.63809,150.8,google
15.18526,100.23194,13.98572,100.96352,192.7,google
15.18526,100.23194,13.83999,100.96635,210.7,google
15.18526,100.23194,15.53403,100.48399,64.9,google
15.18526,100.23194,16.0598,100.0351,117.0,google
15.18526,100.23194,15.10604,100.21214,19.9,google
15.18526,100.23194,13.83162,100.9114,208.6,google
14.18789,100.47625,15.61027,103.824,467.7,google
14.18789,100.47625,15.68264,100.46821,195.1,google
14.18789,100.47625,15.54663,102.97559,365.8,google
14.18789,100.47625,16.32573,99.63809,281.1,google
14.18789,100.47625,13.98572,100.96352,97.2,google
14.18789,100.47625,13.83999,100.96635,92.1,google
14.18789,100.47625,15.53403,100.48399,179.2,google
14.18789,100.47625,16.0598,100.0351,247.4,google
14.18789,100.47625,15.10604,100.21214,133.4,google
14.18789,100.47625,13.83162,100.9114,90.0,google
15.05041,101.70358,15.61027,103.824,302.6,google
15.05041,101.70358,15.68264,100.46821,211.6,google
15.05041,101.70358,15.54663,102.97559,200.7,google
15.05041,101.70358,16.32573,99.63809,338.5,google
15.05041,101.70358,13.98572,100.96352,201.0,google
15.05041,101.70358,13.83999,100.96635,218.6,google
15.05041,101.70358,15.53403,100.48399,195.6,google
15.05041,101.70358,16.0598,100.0351,291.3,google
15.05041,101.70358,15.10604,100.21214,203.2,google
15.05041,101.70358,13.83162,100.9114,218.1,google
13.40652,101.20732,15.61027,103.824,460.3,google
13.40652,101.20732,15.68264,100.46821,326.6,google
13.40652,101.20732,15.54663,102.97559,372.3,google
13.40652,101.20732,16.32573,99.63809,412.6,google
13.40652,101.20732,13.98572,100.96352,82.2,google
13.40652,101.20732,13.83999,100.96635,65.0,google
13.40652,101.20732,15.53403,100.48399,310.7,google
13.40652,101.20732,16.0598,100.0351,378.9,google
13.40652,101.20732,15.10604,100.21214,264.9,google
13.40652,101.20732,13.83162,100.9114,62.9,google
13.7447,102.324,15.61027,103.824,308.4,google
13.7447,102.324,15.68264,100.46821,361.8,google
13.7447,102.324,15.54663,102.97559,258.0,google
13.7447,102.324,16.32573,99.63809,462.6,google
13.7447,102.324,13.98572,100.96352,179.8,google
13.7447,102.324,13.83999,100.96635,174.4,google
13.7447,102.324,15.53403,100.48399,345.8,google
13.7447,102.324,16.0598,100.0351,428.9,google
13.7447,102.324,15.10604,100.21214,314.9,google
13.7447,102.324,13.83162,100.9114,172.2,google
14.62893,103.40957,15.61027,103.824,125.1,google
14.62893,103.40957,15.68264,100.46821,406.4,google
14.62893,103.40957,15.54663,102.97559,143.2,google
14.62893,103.40957,16.32573,99.63809,533.3,google
14.62893,103.40957,13.98572,100.96352,362.4,google
14.62893,103.40957,13.83999,100.96635,368.6,google
14.62893,103.40957,15.53403,100.48399,390.4,google
14.62893,103.40957,16.0598,100.0351,486.1,google
14.62893,103.40957,15.10604,100.21214,398.0,google
14.62893,103.40957,13.83162,100.9114,361.5,google
15.3708,100.13534,15.61027,103.824,489.1,google
15.3708,100.13534,15.68264,100.46821,64.1,google
15.3708,100.13534,15.54663,102.97559,387.2,google
15.3708,100.13534,16.32573,99.63809,128.1,google
15.3708,100.13534,13.98572,100.96352,218.2,google
15.3708,100.13534,13.83999,100.96635,236.2,google
15.3708,100.13534,15.53403,100.48399,62.8,google
15.3708,100.13534,16.0598,100.0351,94.3,google
15.3708,100.13534,15.10604,100.21214,39.0,google
15.3708,100.13534,13.83162,100.9114,234.1,google
13.82633,101.25721,15.61027,103.824,432.6,google
13.82633,101.25721,15.68264,100.46821,313.8,google
13.82633,101.25721,15.54663,102.97559,344.6,google
13.82633,101.25721,16.32573,99.63809,399.8,google
13.82633,101.25721,13.98572,100.96352,59.6,google
13.82633,101.25721,13.83999,100.96635,44.7,google
13.82633,101.25721,15.53403,100.48399,263.9,google
13.82633,101.25721,16.0598,100.0351,366.0,google
13.82633,101.25721,15.10604,100.21214,252.0,google
13.82633,101.25721,13.83162,100.9114,52.4,google
13.97256,102.7732,15.61027,103.824,264.5,google
13.97256,102.7732,15.68264,100.46821,428.0,google
13.97256,102.7732,15.54663,102.97559,214.2,google
13.97256,102.7732,16.32573,99.63809,520.9,google
13.97256,102.7732,13.98572,100.96352,241.4,google
13.97256,102.7732,13.83999,100.96635,236.0,google
13.97256,102.7732,15.53403,100.48399,412.0,google
13.97256,102.7732,16.0598,100.0351,487.1,google
13.97256,102.7732,15.10604,100.21214,373.1,google
13.97256,102.7732,13.83162,100.9114,233.9,google
13.95154,100.97472,15.61027,103.824,455.9,google
13.95154,100.97472,15.68264,100.46821,253.5,google
13.95154,100.97472,15.54663,102.97559,354.0,google
13.95154,100.97472,16.32573,99.63809,339.4,google
13.95154,100.97472,13.98572,100.96352,5.4,google
13.95154,100.97472,13.83999,100.96635,13.1,google
13.95154,100.97472,15.53403,100.48399,237.5,google
13.95154,100.97472,16.0598,100.0351,305.7,google
13.95154,100.97472,15.10604,100.21214,191.7,google
13.95154,100.97472,13.83162,100.9114,20.2,google
15.18526,100.23194,12.64045,102.0921,407.9,google
15.18526,100.23194,13.85167,101.0799,223.4,google
15.18526,100.23194,14.8798,100.3025,47.4,google
15.18526,100.23194,16.02498,103.84685,501.5,google
15.18526,100.23194,14.80226,101.89712,238.5,google
15.18526,100.23194,15.46899,100.15983,36.3,google
15.18526,100.23194,15.0652,104.05148,503.1,google
15.18526,100.23194,13.96135,101.88192,257.7,google
15.18526,100.23194,13.91039,101.65502,248.1,google
14.18789,100.47625,12.64045,102.0921,297.0,google
14.18789,100.47625,13.85167,101.0799,104.8,google
14.18789,100.47625,14.8798,100.3025,107.6,google
14.18789,100.47625,16.02498,103.84685,495.8,google
14.18789,100.47625,14.80226,101.89712,212.1,google
14.18789,100.47625,15.46899,100.15983,166.6,google
14.18789,100.47625,15.0652,104.05148,476.7,google
14.18789,100.47625,13.96135,101.88192,197.3,google
14.18789,100.47625,13.91039,101.65502,201.0,google
15.05041,101.70358,12.64045,102.0921,371.3,google
15.05041,101.70358,13.85167,101.0799,218.1,google
15.05041,101.70358,14.8798,100.3025,192.2,google
15.05041,101.70358,16.02498,103.84685,330.7,google
15.05041,101.70358,14.80226,101.89712,55.7,google
15.05041,101.70358,15.46899,100.15983,223.9,google
15.05041,101.70358,15.0652,104.05148,320.3,google
15.05041,101.70358,13.96135,101.88192,193.4,google
15.05041,101.70358,13.91039,101.65502,196.1,google
13.40652,101.20732,12.64045,102.0921,153.0,google
13.40652,101.20732,13.85167,101.0799,59.0,google
13.40652,101.20732,14.8798,100.3025,239.1,google
13.40652,101.20732,16.02498,103.84685,502.3,google
13.40652,101.20732,14.80226,101.89712,232.7,google
13.40652,101.20732,15.46899,100.15983,298.1,google
13.40652,101.20732,15.0652,104.05148,438.7,google
13.40652,101.20732,13.96135,101.88192,116.9,google
13.40652,101.20732,13.91039,101.65502,88.9,google
13.7447,102.324,12.64045,102.0921,152.8,google
13.7447,102.324,13.85167,101.0799,154.2,google
13.7447,102.324,14.8798,100.3025,289.2,google
13.7447,102.324,16.02498,103.84685,365.6,google
13.7447,102.324,14.80226,101.89712,190.7,google
13.7447,102.324,15.46899,100.15983,348.1,google
13.7447,102.324,15.0652,104.05148,286.8,google
13.7447,102.324,13.96135,101.88192,56.9,google
13.7447,102.324,13.91039,101.65502,85.3,google
14.62893,103.40957,12.64045,102.0921,342.1,google
14.62893,103.40957,13.85167,101.0799,357.2,google
14.62893,103.40957,14.8798,100.3025,386.6,google
14.62893,103.40957,16.02498,103.84685,197.1,google
14.62893,103.40957,14.80226,101.89712,173.3,google
14.62893,103.40957,15.46899,100.15983,418.8,google
14.62893,103.40957,15.0652,104.05148,99.4,google
14.62893,103.40957,13.96135,101.88192,239.2,google
14.62893,103.40957,13.91039,101.65502,278.4,google
15.3708,100.13534,12.64045,102.0921,433.4,google
15.3708,100.13534,13.85167,101.0799,248.9,google
15.3708,100.13534,14.8798,100.3025,69.1,google
15.3708,100.13534,16.02498,103.84685,517.2,google
15.3708,100.13534,14.80226,101.89712,242.1,google
15.3708,100.13534,15.46899,100.15983,13.6,google
15.3708,100.13534,15.0652,104.05148,506.8,google
15.3708,100.13534,13.96135,101.88192,283.2,google
15.3708,100.13534,13.91039,101.65502,273.5,google
13.82633,101.25721,12.64045,102.0921,205.9,google
13.82633,101.25721,13.85167,101.0799,33.3,google
13.82633,101.25721,14.8798,100.3025,226.3,google
13.82633,101.25721,16.02498,103.84685,474.6,google
13.82633,101.25721,14.80226,101.89712,205.0,google
13.82633,101.25721,15.46899,100.15983,285.3,google
13.82633,101.25721,15.0652,104.05148,411.1,google
13.82633,101.25721,13.96135,101.88192,89.2,google
13.82633,101.25721,13.91039,101.65502,61.2,google
13.97256,102.7732,12.64045,102.0921,208.3,google
13.97256,102.7732,13.85167,101.0799,215.9,google
13.97256,102.7732,14.8798,100.3025,347.4,google
13.97256,102.7732,16.02498,103.84685,321.8,google
13.97256,102.7732,14.80226,101.89712,194.9,google
13.97256,102.7732,15.46899,100.15983,406.4,google
13.97256,102.7732,15.0652,104.05148,243.0,google
13.97256,102.7732,13.96135,101.88192,115.2,google
13.97256,102.7732,13.91039,101.65502,143.6,google
13.95154,100.97472,12.64045,102.0921,225.7,google
13.95154,100.97472,13.85167,101.0799,25.7,google
13.95154,100.97472,14.8798,100.3025,166.0,google
13.95154,100.97472,16.02498,103.84685,484.0,google
13.95154,100.97472,14.80226,101.89712,200.2,google
13.95154,100.97472,15.46899,100.15983,224.9,google
13.95154,100.97472,15.0652,104.05148,464.9,google
13.95154,100.97472,13.96135,101.88192,118.1,google
13.95154,100.97472,13.91039,101.65502,96.2,google
13.3375,101.08677,13.67603,100.60363,80.5,google
13.3375,101.08677,16.28676,102.78511,433.4,google
13.3375,101.08677,14.78251,101.9564,240.7,google
13.3375,101.08677,14.71108,101.44291,252.7,google
13.3375,101.08677,14.71352,100.82881,211.7,google
13.3375,101.08677,14.73648,102.11758,240.7,google
13.3375,101.08677,15.86157,102.01584,417.0,google
13.3375,101.08677,17.01995,100.32026,485.6,google
13.3375,101.08677,14.9075,100.08686,254.8,google
13.3375,101.08677,14.57319,100.08287,218.8,google
16.38124,103.22129,13.67603,100.60363,500.0,google
16.38124,103.22129,16.28676,102.78511,64.4,google
16.38124,103.22129,14.78251,101.9564,269.5,google
16.38124,103.22129,14.71108,101.44291,314.4,google
16.38124,103.22129,14.71352,100.82881,403.1,google
16.38124,103.22129,14.73648,102.11758,256.6,google
16.38124,103.22129,15.86157,102.01584,170.8,google
16.38124,103.22129,17.01995,100.32026,384.7,google
16.38124,103.22129,14.9075,100.08686,469.5,google
16.38124,103.22129,14.57319,100.08287,485.5,google
18.8401,98.98762,13.67603,100.60363,699.9,google
18.8401,98.98762,16.28676,102.78511,660.3,google
18.8401,98.98762,14.78251,101.9564,688.6,google
18.8401,98.98762,14.71108,101.44291,645.6,google
18.8401,98.98762,14.71352,100.82881,602.5,google
18.8401,98.98762,14.73648,102.11758,709.1,google
18.8401,98.98762,15.86157,102.01584,637.7,google
18.8401,98.98762,17.01995,100.32026,314.5,google
18.8401,98.98762,14.9075,100.08686,546.7,google
18.8401,98.98762,14.57319,100.08287,589.2,google
13.825,101.05471,13.67603,100.60363,71.7,google
13.825,101.05471,16.28676,102.78511,414.0,google
13.825,101.05471,14.78251,101.9564,219.7,google
13.825,101.05471,14.71108,101.44291,155.8,google
13.825,101.05471,14.71352,100.82881,125.8,google
13.825,101.05471,14.73648,102.11758,221.1,google
13.825,101.05471,15.86157,102.01584,320.2,google
13.825,101.05471,17.01995,100.32026,444.3,google
13.825,101.05471,14.9075,100.08686,206.7,google
13.825,101.05471,14.57319,100.08287,170.7,google
13.61102,101.31725,13.67603,100.60363,99.1,google
13.61102,101.31725,16.28676,102.78511,385.9,google
13.61102,101.31725,14.78251,101.9564,193.2,google
13.61102,101.31725,14.71108,101.44291,170.3,google
13.61102,101.31725,14.71352,100.82881,174.5,google
13.61102,101.31725,14.73648,102.11758,193.2,google
13.61102,101.31725,15.86157,102.01584,342.4,google
13.61102,101.31725,17.01995,100.32026,483.6,google
13.61102,101.31725,14.9075,100.08686,245.9,google
13.61102,101.31725,14.57319,100.08287,210.0,google
14.65748,101.4045,13.67603,100.60363,179.3,google
14.65748,101.4045,16.28676,102.78511,269.0,google
14.65748,101.4045,14.78251,101.9564,76.2,google
14.65748,101.4045,14.71108,101.44291,12.3,google
14.65748,101.4045,14.71352,100.82881,82.5,google
14.65748,101.4045,14.73648,102.11758,96.6,google
14.65748,101.4045,15.86157,102.01584,175.3,google
14.65748,101.4045,17.01995,100.32026,333.4,google
14.65748,101.4045,14.9075,100.08686,186.2,google
14.65748,101.4045,14.57319,100.08287,164.9,google
13.40859,101.20776,13.67603,100.60363,91.0,google
13.40859,101.20776,16.28676,102.78511,417.0,google
13.40859,101.20776,14.78251,101.9564,224.3,google
13.40859,101.20776,14.71108,101.44291,208.9,google
13.40859,101.20776,14.71352,100.82881,175.1,google
13.40859,101.20776,14.73648,102.11758,224.4,google
13.40859,101.20776,15.86157,102.01584,373.5,google
13.40859,101.20776,17.01995,100.32026,488.7,google
13.40859,101.20776,14.9075,100.08686,257.9,google
13.40859,101.20776,14.57319,100.08287,221.9,google
14.83975,105.12624,13.67603,100.60363,612.3,google
14.83975,105.12624,16.28676,102.78511,344.0,google
14.83975,105.12624,14.78251,101.9564,362.1,google
14.83975,105.12624,14.71108,101.44291,428.9,google
14.83975,105.12624,14.71352,100.82881,515.5,google
14.83975,105.12624,14.73648,102.11758,341.5,google
14.83975,105.12624,15.86157,102.01584,403.2,google
14.83975,105.12624,17.01995,100.32026,676.1,google
14.83975,105.12624,14.9075,100.08686,619.1,google
14.83975,105.12624,14.57319,100.08287,597.8,google
14.19173,100.81368,13.67603,100.60363,80.4,google
14.19173,100.81368,16.28676,102.78511,370.4,google
14.19173,100.81368,14.78251,101.9564,176.1,google
14.19173,100.81368,14.71108,101.44291,112.2,google
14.19173,100.81368,14.71352,100.82881,71.3,google
14.19173,100.81368,14.73648,102.11758,196.5,google
14.19173,100.81368,15.86157,102.01584,276.6,google
14.19173,100.81368,17.01995,100.32026,371.6,google
14.19173,100.81368,14.9075,100.08686,139.8,google
14.19173,100.81368,14.57319,100.08287,121.7,google
13.93528,101.05366,13.67603,100.60363,78.6,google
13.93528,101.05366,16.28676,102.78511,409.7,google
13.93528,101.05366,14.78251,101.9564,215.4,google
13.93528,101.05366,14.71108,101.44291,151.6,google
13.93528,101.05366,14.71352,100.82881,121.5,google
13.93528,101.05366,14.73648,102.11758,235.9,google
13.93528,101.05366,15.86157,102.01584,315.9,google
13.93528,101.05366,17.01995,100.32026,433.9,google
13.93528,101.05366,14.9075,100.08686,202.2,google
13.93528,101.05366,14.57319,100.08287,184.1,google
13.3375,101.08677,15.18526,100.23194,260.5,google
13.3375,101.08677,14.18789,100.47625,149.8,google
13.3375,101.08677,15.05041,101.70358,309.6,google
13.3375,101.08677,13.40652,101.20732,31.2,google
13.3375,101.08677,13.7447,102.324,168.9,google
13.3375,101.08677,14.62893,103.40957,356.6,google
13.3375,101.08677,15.3708,100.13534,287.8,google
13.3375,101.08677,13.82633,101.25721,74.9,google
13.3375,101.08677,13.97256,102.7732,230.4,google
13.3375,101.08677,13.95154,100.97472,91.9,google
16.38124,103.22129,15.18526,100.23194,440.2,google
16.38124,103.22129,14.18789,100.47625,459.2,google
16.38124,103.22129,15.05041,101.70358,274.2,google
16.38124,103.22129,13.40652,101.20732,471.6,google
16.38124,103.22129,13.7447,102.324,378.8,google
16.38124,103.22129,14.62893,103.40957,239.4,google
16.38124,103.22129,15.3708,100.13534,445.8,google
16.38124,103.22129,13.82633,101.25721,444.7,google
16.38124,103.22129,13.97256,102.7732,334.8,google
16.38124,103.22129,13.95154,100.97472,451.2,google
18.8401,98.98762,15.18526,100.23194,509.9,google
18.8401,98.98762,14.18789,100.47625,643.8,google
18.8401,98.98762,15.05041,101.70358,649.2,google
18.8401,98.98762,13.40652,101.20732,777.1,google
18.8401,98.98762,13.7447,102.324,823.6,google
18.8401,98.98762,14.62893,103.40957,850.6,google
18.8401,98.98762,15.3708,100.13534,487.9,google
18.8401,98.98762,13.82633,101.25721,740.3,google
18.8401,98.98762,13.97256,102.7732,881.3,google
18.8401,98.98762,13.95154,100.97472,703.6,google
13.825,101.05471,15.18526,100.23194,219.2,google
13.825,101.05471,14.18789,100.47625,100.9,google
13.825,101.05471,15.05041,101.70358,212.8,google
13.825,101.05471,13.40652,101.20732,54.1,google
13.825,101.05471,13.7447,102.324,162.0,google
13.825,101.05471,14.62893,103.40957,349.7,google
13.825,101.05471,15.3708,100.13534,246.5,google
13.825,101.05471,13.82633,101.25721,38.4,google
13.825,101.05471,13.97256,102.7732,223.5,google
13.825,101.05471,13.95154,100.97472,22.1,google
13.61102,101.31725,15.18526,100.23194,258.4,google
13.61102,101.31725,14.18789,100.47625,140.1,google
13.61102,101.31725,15.05041,101.70358,242.6,google
13.61102,101.31725,13.40652,101.20732,35.2,google
13.61102,101.31725,13.7447,102.324,121.4,google
13.61102,101.31725,14.62893,103.40957,309.1,google
13.61102,101.31725,15.3708,100.13534,285.7,google
13.61102,101.31725,13.82633,101.25721,34.0,google
13.61102,101.31725,13.97256,102.7732,182.9,google
13.61102,101.31725,13.95154,100.97472,75.8,google
14.65748,101.4045,15.18526,100.23194,175.2,google
14.65748,101.4045,14.18789,100.47625,138.6,google
14.65748,101.4045,15.05041,101.70358,67.8,google
14.65748,101.4045,13.40652,101.20732,245.3,google
14.65748,101.4045,13.7447,102.324,191.9,google
14.65748,101.4045,14.62893,103.40957,238.2,google
14.65748,101.4045,15.3708,100.13534,202.5,google
14.65748,101.4045,13.82633,101.25721,160.1,google
14.65748,101.4045,13.97256,102.7732,229.1,google
14.65748,101.4045,13.95154,100.97472,130.5,google
13.40859,101.20776,15.18526,100.23194,263.5,google
13.40859,101.20776,14.18789,100.47625,152.9,google
13.40859,101.20776,15.05041,101.70358,273.8,google
13.40859,101.20776,13.40652,101.20732,0.9,google
13.40859,101.20776,13.7447,102.324,152.5,google
13.40859,101.20776,14.62893,103.40957,340.2,google
13.40859,101.20776,15.3708,100.13534,290.8,google
13.40859,101.20776,13.82633,101.25721,58.1,google
13.40859,101.20776,13.97256,102.7732,214.1,google
13.40859,101.20776,13.95154,100.97472,76.2,google
14.83975,105.12624,15.18526,100.23194,593.9,google
14.83975,105.12624,14.18789,100.47625,571.6,google
14.83975,105.12624,15.05041,101.70358,411.5,google
14.83975,105.12624,13.40652,101.20732,538.3,google
14.83975,105.12624,13.7447,102.324,387.0,google
14.83975,105.12624,14.62893,103.40957,197.9,google
14.83975,105.12624,15.3708,100.13534,608.7,google
14.83975,105.12624,13.82633,101.25721,511.4,google
14.83975,105.12624,13.97256,102.7732,342.9,google
14.83975,105.12624,13.95154,100.97472,563.5,google
14.19173,100.81368,15.18526,100.23194,146.4,google
14.19173,100.81368,14.18789,100.47625,65.3,google
14.19173,100.81368,15.05041,101.70358,169.2,google
14.19173,100.81368,13.40652,101.20732,115.5,google
14.19173,100.81368,13.7447,102.324,192.9,google
14.19173,100.81368,14.62893,103.40957,338.1,google
14.19173,100.81368,15.3708,100.13534,173.7,google
14.19173,100.81368,13.82633,101.25721,103.0,google
14.19173,100.81368,13.97256,102.7732,250.6,google
14.19173,100.81368,13.95154,100.97472,47.0,google
13.93528,101.05366,15.18526,100.23194,208.8,google
13.93528,101.05366,14.18789,100.47625,110.1,google
13.93528,101.05366,15.05041,101.70358,208.5,google
13.93528,101.05366,13.40652,101.20732,67.0,google
13.93528,101.05366,13.7447,102.324,179.7,google
13.93528,101.05366,14.62893,103.40957,367.4,google
13.93528,101.05366,15.3708,100.13534,236.1,google
13.93528,101.05366,13.82633,101.25721,45.2,google
13.93528,101.05366,13.97256,102.7732,241.2,google
13.93528,101.05366,13.95154,100.97472,17.9,google
13.3375,101.08677,16.38124,103.22129,496.5,google
13.3375,101.08677,18.8401,98.98762,772.5,google
13.3375,101.08677,13.825,101.05471,71.9,google
13.3375,101.08677,13.61102,101.31725,51.6,google
13.3375,101.08677,14.65748,101.4045,245.9,google
13.3375,101.08677,13.40859,101.20776,31.3,google
13.3375,101.08677,14.83975,105.12624,555.5,google
13.3375,101.08677,14.19173,100.81368,140.7,google
13.3375,101.08677,13.93528,101.05366,95.3,google
16.38124,103.22129,13.3375,101.08677,487.3,google
16.38124,103.22129,18.8401,98.98762,698.8,google
16.38124,103.22129,13.825,101.05471,462.5,google
16.38124,103.22129,13.61102,101.31725,438.5,google
16.38124,103.22129,14.65748,101.4045,320.7,google
16.38124,103.22129,13.40859,101.20776,470.8,google
16.38124,103.22129,14.83975,105.12624,303.1,google
16.38124,103.22129,14.19173,100.81368,421.9,google
16.38124,103.22129,13.93528,101.05366,449.9,google
18.8401,98.98762,13.3375,101.08677,769.2,google
18.8401,98.98762,16.38124,103.22129,701.5,google
18.8401,98.98762,13.825,101.05471,732.1,google
18.8401,98.98762,13.61102,101.31725,768.8,google
18.8401,98.98762,14.65748,101.4045,648.6,google
18.8401,98.98762,13.40859,101.20776,776.3,google
18.8401,98.98762,14.83975,105.12624,1002.4,google
18.8401,98.98762,14.19173,100.81368,655.0,google
18.8401,98.98762,13.93528,101.05366,718.3,google
13.825,101.05471,13.3375,101.08677,67.1,google
13.825,101.05471,16.38124,103.22129,477.1,google
13.825,101.05471,18.8401,98.98762,731.2,google
13.825,101.05471,13.61102,101.31725,50.4,google
13.825,101.05471,14.65748,101.4045,149.1,google
13.825,101.05471,13.40859,101.20776,53.3,google
13.825,101.05471,14.83975,105.12624,548.6,google
13.825,101.05471,14.19173,100.81368,67.1,google
13.825,101.05471,13.93528,101.05366,23.4,google
13.61102,101.31725,13.3375,101.08677,50.8,google
13.61102,101.31725,16.38124,103.22129,449.0,google
13.61102,101.31725,18.8401,98.98762,770.4,google
13.61102,101.31725,13.825,101.05471,55.7,google
13.61102,101.31725,14.65748,101.4045,158.7,google
13.61102,101.31725,13.40859,101.20776,34.4,google
13.61102,101.31725,14.83975,105.12624,508.0,google
13.61102,101.31725,14.19173,100.81368,114.6,google
13.61102,101.31725,13.93528,101.05366,79.1,google
14.65748,101.4045,13.3375,101.08677,237.4,google
14.65748,101.4045,16.38124,103.22129,332.2,google
14.65748,101.4045,18.8401,98.98762,647.5,google
14.65748,101.4045,13.825,101.05471,141.9,google
14.65748,101.4045,13.61102,101.31725,154.0,google
14.65748,101.4045,13.40859,101.20776,244.5,google
14.65748,101.4045,14.83975,105.12624,437.1,google
14.65748,101.4045,14.19173,100.81368,101.2,google
14.65748,101.4045,13.93528,101.05366,129.3,google
13.40859,101.20776,13.3375,101.08677,27.5,google
13.40859,101.20776,16.38124,103.22129,480.2,google
13.40859,101.20776,18.8401,98.98762,775.5,google
13.40859,101.20776,13.825,101.05471,53.1,google
13.40859,101.20776,13.61102,101.31725,35.3,google
13.40859,101.20776,14.65748,101.4045,202.2,google
13.40859,101.20776,14.83975,105.12624,539.2,google
13.40859,101.20776,14.19173,100.81368,115.0,google
13.40859,101.20776,13.93528,101.05366,76.5,google
14.83975,105.12624,13.3375,101.08677,554.0,google
14.83975,105.12624,16.38124,103.22129,300.7,google
14.83975,105.12624,18.8401,98.98762,990.2,google
14.83975,105.12624,13.825,101.05471,552.1,google
14.83975,105.12624,13.61102,101.31725,505.1,google
14.83975,105.12624,14.65748,101.4045,436.7,google
14.83975,105.12624,13.40859,101.20776,537.5,google
14.83975,105.12624,14.19173,100.81368,534.2,google
14.83975,105.12624,13.93528,101.05366,562.2,google
14.19173,100.81368,13.3375,101.08677,138.5,google
14.19173,100.81368,16.38124,103.22129,433.5,google
14.19173,100.81368,18.8401,98.98762,658.4,google
14.19173,100.81368,13.825,101.05471,70.8,google
14.19173,100.81368,13.61102,101.31725,111.8,google
14.19173,100.81368,14.65748,101.4045,105.5,google
14.19173,100.81368,13.40859,101.20776,114.7,google
14.19173,100.81368,14.83975,105.12624,537.0,google
14.19173,100.81368,13.93528,101.05366,58.2,google
13.93528,101.05366,13.3375,101.08677,80.0,google
13.93528,101.05366,16.38124,103.22129,472.8,google
13.93528,101.05366,18.8401,98.98762,720.8,google
13.93528,101.05366,13.825,101.05471,13.0,google
13.93528,101.05366,13.61102,101.31725,63.3,google
13.93528,101.05366,14.65748,101.4045,144.8,google
13.93528,101.05366,13.40859,101.20776,66.2,google
13.93528,101.05366,14.83975,105.12624,566.3,google
13.93528,101.05366,14.19173,100.81368,62.8,google
13.3375,101.08677,16.01714,102.81953,421.2,google
13.3375,101.08677,14.72791,102.01368,225.3,google
13.3375,101.08677,15.00326,100.0304,272.4,google
13.3375,101.08677,15.2784,100.09664,285.4,google
13.3375,101.08677,16.2741,100.12904,390.4,google
13.3375,101.08677,17.22814,102.90926,545.4,google
13.3375,101.08677,13.91644,101.04417,82.2,google
13.3375,101.08677,13.84778,101.06088,74.7,google
13.3375,101.08677,13.6796,100.90547,63.2,google
13.3375,101.08677,13.7209,100.80069,66.9,google
16.38124,103.22129,16.01714,102.81953,74.4,google
16.38124,103.22129,14.72791,102.01368,263.1,google
16.38124,103.22129,15.00326,100.0304,472.6,google
16.38124,103.22129,15.2784,100.09664,452.7,google
16.38124,103.22129,16.2741,100.12904,440.2,google
16.38124,103.22129,17.22814,102.90926,137.6,google
16.38124,103.22129,13.91644,101.04417,455.6,google
16.38124,103.22129,13.84778,101.06088,461.2,google
16.38124,103.22129,13.6796,100.90547,510.8,google
16.38124,103.22129,13.7209,100.80069,499.8,google
18.8401,98.98762,16.01714,102.81953,696.9,google
18.8401,98.98762,14.72791,102.01368,702.8,google
18.8401,98.98762,15.00326,100.0304,542.8,google
18.8401,98.98762,15.2784,100.09664,499.1,google
18.8401,98.98762,16.2741,100.12904,414.3,google
18.8401,98.98762,17.22814,102.90926,638.2,google
18.8401,98.98762,13.91644,101.04417,718.6,google
18.8401,98.98762,13.84778,101.06088,730.8,google
18.8401,98.98762,13.6796,100.90547,722.0,google
18.8401,98.98762,13.7209,100.80069,710.9,google
13.825,101.05471,16.01714,102.81953,401.8,google
13.825,101.05471,14.72791,102.01368,205.6,google
13.825,101.05471,15.00326,100.0304,224.3,google
13.825,101.05471,15.2784,100.09664,244.1,google
13.825,101.05471,16.2741,100.12904,349.1,google
13.825,101.05471,17.22814,102.90926,525.9,google
13.825,101.05471,13.91644,101.04417,10.4,google
13.825,101.05471,13.84778,101.06088,2.8,google
13.825,101.05471,13.6796,100.90547,35.9,google
13.825,101.05471,13.7209,100.80069,42.5,google
13.61102,101.31725,16.01714,102.81953,373.7,google
13.61102,101.31725,14.72791,102.01368,177.7,google
13.61102,101.31725,15.00326,100.0304,263.5,google
13.61102,101.31725,15.2784,100.09664,283.4,google
13.61102,101.31725,16.2741,100.12904,388.3,google
13.61102,101.31725,17.22814,102.90926,497.8,google
13.61102,101.31725,13.91644,101.04417,66.1,google
13.61102,101.31725,13.84778,101.06088,58.5,google
13.61102,101.31725,13.6796,100.90547,54.1,google
13.61102,101.31725,13.7209,100.80069,66.6,google
14.65748,101.4045,16.01714,102.81953,256.8,google
14.65748,101.4045,14.72791,102.01368,90.3,google
14.65748,101.4045,15.00326,100.0304,197.3,google
14.65748,101.4045,15.2784,100.09664,200.2,google
14.65748,101.4045,16.2741,100.12904,282.7,google
14.65748,101.4045,17.22814,102.90926,381.0,google
14.65748,101.4045,13.91644,101.04417,135.0,google
14.65748,101.4045,13.84778,101.06088,140.6,google
14.65748,101.4045,13.6796,100.90547,190.2,google
14.65748,101.4045,13.7209,100.80069,179.1,google
13.40859,101.20776,16.01714,102.81953,404.8,google
13.40859,101.20776,14.72791,102.01368,208.9,google
13.40859,101.20776,15.00326,100.0304,275.5,google
13.40859,101.20776,15.2784,100.09664,288.5,google
13.40859,101.20776,16.2741,100.12904,393.5,google
13.40859,101.20776,17.22814,102.90926,529.0,google
13.40859,101.20776,13.91644,101.04417,63.5,google
13.40859,101.20776,13.84778,101.06088,55.9,google
13.40859,101.20776,13.6796,100.90547,52.9,google
13.40859,101.20776,13.7209,100.80069,70.0,google
14.83975,105.12624,16.01714,102.81953,332.0,google
14.83975,105.12624,14.72791,102.01368,355.6,google
14.83975,105.12624,15.00326,100.0304,630.2,google
14.83975,105.12624,15.2784,100.09664,606.4,google
14.83975,105.12624,16.2741,100.12904,683.2,google
14.83975,105.12624,17.22814,102.90926,418.8,google
14.83975,105.12624,13.91644,101.04417,568.0,google
14.83975,105.12624,13.84778,101.06088,555.7,google
14.83975,105.12624,13.6796,100.90547,550.4,google
14.83975,105.12624,13.7209,100.80069,562.9,google
14.19173,100.81368,16.01714,102.81953,358.2,google
14.19173,100.81368,14.72791,102.01368,190.2,google
14.19173,100.81368,15.00326,100.0304,168.4,google
14.19173,100.81368,15.2784,100.09664,171.4,google
14.19173,100.81368,16.2741,100.12904,276.3,google
14.19173,100.81368,17.22814,102.90926,482.3,google
14.19173,100.81368,13.91644,101.04417,64.0,google
14.19173,100.81368,13.84778,101.06088,69.6,google
14.19173,100.81368,13.6796,100.90547,70.2,google
14.19173,100.81368,13.7209,100.80069,80.2,google
13.93528,101.05366,16.01714,102.81953,397.5,google
13.93528,101.05366,14.72791,102.01368,212.4,google
13.93528,101.05366,15.00326,100.0304,230.8,google
13.93528,101.05366,15.2784,100.09664,233.7,google
13.93528,101.05366,16.2741,100.12904,338.7,google
13.93528,101.05366,17.22814,102.90926,521.7,google
13.93528,101.05366,13.91644,101.04417,6.1,google
13.93528,101.05366,13.84778,101.06088,11.7,google
13.93528,101.05366,13.6796,100.90547,40.7,google
13.93528,101.05366,13.7209,100.80069,49.4,google
13.3375,101.08677,15.61027,103.824,475.9,google
13.3375,101.08677,15.68264,100.46821,322.8,google
13.3375,101.08677,15.54663,102.97559,387.9,google
13.3375,101.08677,16.32573,99.63809,408.7,google
13.3375,101.08677,13.98572,100.96352,97.1,google
13.3375,101.08677,13.83999,100.96635,79.9,google
13.3375,101.08677,15.53403,100.48399,306.8,google
13.3375,101.08677,16.0598,100.0351,375.0,google
13.3375,101.08677,15.10604,100.21214,261.0,google
13.3375,101.08677,13.83162,100.9114,77.8,google
16.38124,103.22129,15.61027,103.824,126.6,google
16.38124,103.22129,15.68264,100.46821,384.3,google
16.38124,103.22129,15.54663,102.97559,116.7,google
16.38124,103.22129,16.32573,99.63809,504.9,google
16.38124,103.22129,13.98572,100.96352,446.4,google
16.38124,103.22129,13.83999,100.96635,464.0,google
16.38124,103.22129,15.53403,100.48399,400.6,google
16.38124,103.22129,16.0598,100.0351,440.5,google
16.38124,103.22129,15.10604,100.21214,440.7,google
16.38124,103.22129,13.83162,100.9114,463.5,google
18.8401,98.98762,15.61027,103.824,814.9,google
18.8401,98.98762,15.68264,100.46821,493.3,google
18.8401,98.98762,15.54663,102.97559,743.6,google
18.8401,98.98762,16.32573,99.63809,360.6,google
18.8401,98.98762,13.98572,100.96352,702.4,google
18.8401,98.98762,13.83999,100.96635,720.4,google
18.8401,98.98762,15.53403,100.48399,503.7,google
18.8401,98.98762,16.0598,100.0351,433.3,google
18.8401,98.98762,15.10604,100.21214,529.6,google
18.8401,98.98762,13.83162,100.9114,718.3,google
13.825,101.05471,15.61027,103.824,470.3,google
13.825,101.05471,15.68264,100.46821,281.5,google
13.825,101.05471,15.54663,102.97559,368.5,google
13.825,101.05471,16.32573,99.63809,367.4,google
13.825,101.05471,13.98572,100.96352,27.3,google
13.825,101.05471,13.83999,100.96635,12.4,google
13.825,101.05471,15.53403,100.48399,265.5,google
13.825,101.05471,16.0598,100.0351,333.7,google
13.825,101.05471,15.10604,100.21214,219.7,google
13.825,101.05471,13.83162,100.9114,20.1,google
13.61102,101.31725,15.61027,103.824,428.4,google
13.61102,101.31725,15.68264,100.46821,320.7,google
13.61102,101.31725,15.54663,102.97559,340.4,google
13.61102,101.31725,16.32573,99.63809,406.7,google
13.61102,101.31725,13.98572,100.96352,80.9,google
13.61102,101.31725,13.83999,100.96635,63.7,google
13.61102,101.31725,15.53403,100.48399,304.8,google
13.61102,101.31725,16.0598,100.0351,372.9,google
13.61102,101.31725,15.10604,100.21214,258.9,google
13.61102,101.31725,13.83162,100.9114,61.6,google
14.65748,101.4045,15.61027,103.824,325.4,google
14.65748,101.4045,15.68264,100.46821,196.1,google
14.65748,101.4045,15.54663,102.97559,223.5,google
14.65748,101.4045,16.32573,99.63809,323.5,google
14.65748,101.4045,13.98572,100.96352,125.8,google
14.65748,101.4045,13.83999,100.96635,143.4,google
14.65748,101.4045,15.53403,100.48399,180.1,google
14.65748,101.4045,16.0598,100.0351,289.7,google
14.65748,101.4045,15.10604,100.21214,175.7,google
14.65748,101.4045,13.83162,100.9114,142.8,google
13.40859,101.20776,15.61027,103.824,459.5,google
13.40859,101.20776,15.68264,100.46821,325.9,google
13.40859,101.20776,15.54663,102.97559,371.5,google
13.40859,101.20776,16.32573,99.63809,411.8,google
13.40859,101.20776,13.98572,100.96352,81.4,google
13.40859,101.20776,13.83999,100.96635,64.2,google
13.40859,101.20776,15.53403,100.48399,309.9,google
13.40859,101.20776,16.0598,100.0351,378.1,google
13.40859,101.20776,15.10604,100.21214,264.1,google
13.40859,101.20776,13.83162,100.9114,62.1,google
14.83975,105.12624,15.61027,103.824,201.5,google
14.83975,105.12624,15.68264,100.46821,602.8,google
14.83975,105.12624,15.54663,102.97559,281.4,google
14.83975,105.12624,16.32573,99.63809,729.7,google
14.83975,105.12624,13.98572,100.96352,558.8,google
14.83975,105.12624,13.83999,100.96635,565.0,google
14.83975,105.12624,15.53403,100.48399,586.8,google
14.83975,105.12624,16.0598,100.0351,682.5,google
14.83975,105.12624,15.10604,100.21214,594.4,google
14.83975,105.12624,13.83162,100.9114,557.9,google
14.19173,100.81368,15.61027,103.824,426.7,google
14.19173,100.81368,15.68264,100.46821,208.7,google
14.19173,100.81368,15.54663,102.97559,324.9,google
14.19173,100.81368,16.32573,99.63809,294.7,google
14.19173,100.81368,13.98572,100.96352,45.8,google
14.19173,100.81368,13.83999,100.96635,59.8,google
14.19173,100.81368,15.53403,100.48399,192.7,google
14.19173,100.81368,16.0598,100.0351,260.9,google
14.19173,100.81368,15.10604,100.21214,146.9,google
14.19173,100.81368,13.83162,100.9114,53.0,google
13.93528,101.05366,15.61027,103.824,466.1,google
13.93528,101.05366,15.68264,100.46821,271.1,google
13.93528,101.05366,15.54663,102.97559,364.2,google
13.93528,101.05366,16.32573,99.63809,357.0,google
13.93528,101.05366,13.98572,100.96352,23.0,google
13.93528,101.05366,13.83999,100.96635,19.3,google
13.93528,101.05366,15.53403,100.48399,255.1,google
13.93528,101.05366,16.0598,100.0351,323.3,google
13.93528,101.05366,15.10604,100.21214,209.3,google
13.93528,101.05366,13.83162,100.9114,27.0,google
13.3375,101.08677,12.64045,102.0921,150.2,google
13.3375,101.08677,13.85167,101.0799,76.9,google
13.3375,101.08677,14.8798,100.3025,235.3,google
13.3375,101.08677,16.02498,103.84685,517.8,google
13.3375,101.08677,14.80226,101.89712,248.3,google
13.3375,101.08677,15.46899,100.15983,294.2,google
13.3375,101.08677,15.0652,104.05148,454.3,google
13.3375,101.08677,13.96135,101.88192,132.5,google
13.3375,101.08677,13.91039,101.65502,104.5,google
16.38124,103.22129,12.64045,102.0921,530.4,google
16.38124,103.22129,13.85167,101.0799,463.5,google
16.38124,103.22129,14.8798,100.3025,429.7,google
16.38124,103.22129,16.02498,103.84685,93.5,google
16.38124,103.22129,14.80226,101.89712,265.1,google
16.38124,103.22129,15.46899,100.15983,433.7,google
16.38124,103.22129,15.0652,104.05148,217.6,google
16.38124,103.22129,13.96135,101.88192,381.7,google
16.38124,103.22129,13.91039,101.65502,384.5,google
18.8401,98.98762,12.64045,102.0921,917.6,google
18.8401,98.98762,13.85167,101.0799,733.1,google
18.8401,98.98762,14.8798,100.3025,557.1,google
18.8401,98.98762,16.02498,103.84685,792.8,google
18.8401,98.98762,14.80226,101.89712,683.6,google
18.8401,98.98762,15.46899,100.15983,479.1,google
18.8401,98.98762,15.0652,104.05148,899.3,google
18.8401,98.98762,13.96135,101.88192,767.4,google
18.8401,98.98762,13.91039,101.65502,757.8,google
13.825,101.05471,12.64045,102.0921,203.3,google
13.825,101.05471,13.85167,101.0799,5.1,google
13.825,101.05471,14.8798,100.3025,194.0,google
13.825,101.05471,16.02498,103.84685,498.4,google
13.825,101.05471,14.80226,101.89712,214.7,google
13.825,101.05471,15.46899,100.15983,252.9,google
13.825,101.05471,15.0652,104.05148,447.4,google
13.825,101.05471,13.96135,101.88192,113.6,google
13.825,101.05471,13.91039,101.65502,91.7,google
13.61102,101.31725,12.64045,102.0921,176.3,google
13.61102,101.31725,13.85167,101.0799,52.0,google
13.61102,101.31725,14.8798,100.3025,233.2,google
13.61102,101.31725,16.02498,103.84685,470.3,google
13.61102,101.31725,14.80226,101.89712,200.8,google
13.61102,101.31725,15.46899,100.15983,292.2,google
13.61102,101.31725,15.0652,104.05148,406.8,google
13.61102,101.31725,13.96135,101.88192,85.0,google
13.61102,101.31725,13.91039,101.65502,57.0,google
14.65748,101.4045,12.64045,102.0921,324.4,google
14.65748,101.4045,13.85167,101.0799,142.9,google
14.65748,101.4045,14.8798,100.3025,150.0,google
14.65748,101.4045,16.02498,103.84685,353.5,google
14.65748,101.4045,14.80226,101.89712,71.2,google
14.65748,101.4045,15.46899,100.15983,209.0,google
14.65748,101.4045,15.0652,104.05148,335.9,google
14.65748,101.4045,13.96135,101.88192,146.5,google
14.65748,101.4045,13.91039,101.65502,149.3,google
13.40859,101.20776,12.64045,102.0921,153.1,google
13.40859,101.20776,13.85167,101.0799,58.2,google
13.40859,101.20776,14.8798,100.3025,238.3,google
13.40859,101.20776,16.02498,103.84685,501.5,google
13.40859,101.20776,14.80226,101.89712,231.9,google
13.40859,101.20776,15.46899,100.15983,297.3,google
13.40859,101.20776,15.0652,104.05148,438.0,google
13.40859,101.20776,13.96135,101.88192,116.1,google
13.40859,101.20776,13.91039,101.65502,88.1,google
14.83975,105.12624,12.64045,102.0921,538.5,google
14.83975,105.12624,13.85167,101.0799,553.6,google
14.83975,105.12624,14.8798,100.3025,583.0,google
14.83975,105.12624,16.02498,103.84685,208.4,google
14.83975,105.12624,14.80226,101.89712,369.7,google
14.83975,105.12624,15.46899,100.15983,615.1,google
14.83975,105.12624,15.0652,104.05148,149.8,google
14.83975,105.12624,13.96135,101.88192,435.6,google
14.83975,105.12624,13.91039,101.65502,474.8,google
14.19173,100.81368,12.64045,102.0921,286.9,google
14.19173,100.81368,13.85167,101.0799,71.9,google
14.19173,100.81368,14.8798,100.3025,121.2,google
14.19173,100.81368,16.02498,103.84685,454.8,google
14.19173,100.81368,14.80226,101.89712,171.1,google
14.19173,100.81368,15.46899,100.15983,180.2,google
14.19173,100.81368,15.0652,104.05148,435.8,google
14.19173,100.81368,13.96135,101.88192,136.7,google
14.19173,100.81368,13.91039,101.65502,127.1,google
13.93528,101.05366,12.64045,102.0921,216.1,google
13.93528,101.05366,13.85167,101.0799,14.0,google
13.93528,101.05366,14.8798,100.3025,183.6,google
13.93528,101.05366,16.02498,103.84685,494.1,google
13.93528,101.05366,14.80226,101.89712,210.4,google
13.93528,101.05366,15.46899,100.15983,242.5,google
13.93528,101.05366,15.0652,104.05148,465.1,google
13.93528,101.05366,13.96135,101.88192,120.4,google
13.93528,101.05366,13.91039,101.65502,98.4,google
16.01714,102.81953,13.67603,100.60363,432.2,google
16.01714,102.81953,16.28676,102.78511,40.1,google
16.01714,102.81953,14.78251,101.9564,201.7,google
16.01714,102.81953,14.71108,101.44291,246.6,google
16.01714,102.81953,14.71352,100.82881,335.3,google
16.01714,102.81953,14.73648,102.11758,188.8,google
16.01714,102.81953,15.86157,102.01584,112.6,google
16.01714,102.81953,17.01995,100.32026,384.2,google
16.01714,102.81953,14.9075,100.08686,439.0,google
16.01714,102.81953,14.57319,100.08287,417.7,google
14.72791,102.01368,13.67603,100.60363,266.4,google
14.72791,102.01368,16.28676,102.78511,208.8,google
14.72791,102.01368,14.78251,101.9564,16.1,google
14.72791,102.01368,14.71108,101.44291,83.0,google
14.72791,102.01368,14.71352,100.82881,169.5,google
14.72791,102.01368,14.73648,102.11758,16.2,google
14.72791,102.01368,15.86157,102.01584,165.4,google
14.72791,102.01368,17.01995,100.32026,388.0,google
14.72791,102.01368,14.9075,100.08686,273.2,google
14.72791,102.01368,14.57319,100.08287,251.9,google
15.00326,100.0304,13.67603,100.60363,195.5,google
15.00326,100.0304,16.28676,102.78511,430.8,google
15.00326,100.0304,14.78251,101.9564,264.4,google
15.00326,100.0304,14.71108,101.44291,200.6,google
15.00326,100.0304,14.71352,100.82881,113.8,google
15.00326,100.0304,14.73648,102.11758,284.9,google
15.00326,100.0304,15.86157,102.01584,317.4,google
15.00326,100.0304,17.01995,100.32026,269.7,google
15.00326,100.0304,14.9075,100.08686,19.5,google
15.00326,100.0304,14.57319,100.08287,62.0,google
15.2784,100.09664,13.67603,100.60363,217.1,google
15.2784,100.09664,16.28676,102.78511,403.6,google
15.2784,100.09664,14.78251,101.9564,248.3,google
15.2784,100.09664,14.71108,101.44291,206.5,google
15.2784,100.09664,14.71352,100.82881,119.7,google
15.2784,100.09664,14.73648,102.11758,268.7,google
15.2784,100.09664,15.86157,102.01584,290.2,google
15.2784,100.09664,17.01995,100.32026,225.3,google
15.2784,100.09664,14.9075,100.08686,47.9,google
15.2784,100.09664,14.57319,100.08287,90.4,google
16.2741,100.12904,13.67603,100.60363,314.9,google
16.2741,100.12904,16.28676,102.78511,391.2,google
16.2741,100.12904,14.78251,101.9564,324.7,google
16.2741,100.12904,14.71108,101.44291,281.7,google
16.2741,100.12904,14.71352,100.82881,217.5,google
16.2741,100.12904,14.73648,102.11758,345.1,google
16.2741,100.12904,15.86157,102.01584,273.7,google
16.2741,100.12904,17.01995,100.32026,103.3,google
16.2741,100.12904,14.9075,100.08686,161.7,google
16.2741,100.12904,14.57319,100.08287,204.2,google
17.22814,102.90926,13.67603,100.60363,557.8,google
17.22814,102.90926,16.28676,102.78511,117.3,google
17.22814,102.90926,14.78251,101.9564,327.4,google
17.22814,102.90926,14.71108,101.44291,372.3,google
17.22814,102.90926,14.71352,100.82881,439.6,google
17.22814,102.90926,14.73648,102.11758,314.5,google
17.22814,102.90926,15.86157,102.01584,220.3,google
17.22814,102.90926,17.01995,100.32026,389.6,google
17.22814,102.90926,14.9075,100.08686,519.1,google
17.22814,102.90926,14.57319,100.08287,543.4,google
13.91644,101.04417,13.67603,100.60363,77.2,google
13.91644,101.04417,16.28676,102.78511,403.6,google
13.91644,101.04417,14.78251,101.9564,209.3,google
13.91644,101.04417,14.71108,101.44291,145.4,google
13.91644,101.04417,14.71352,100.82881,115.4,google
13.91644,101.04417,14.73648,102.11758,229.8,google
13.91644,101.04417,15.86157,102.01584,309.8,google
13.91644,101.04417,17.01995,100.32026,427.8,google
13.91644,101.04417,14.9075,100.08686,196.1,google
13.91644,101.04417,14.57319,100.08287,178.0,google
13.84778,101.06088,13.67603,100.60363,75.3,google
13.84778,101.06088,16.28676,102.78511,417.6,google
13.84778,101.06088,14.78251,101.9564,217.9,google
13.84778,101.06088,14.71108,101.44291,159.5,google
13.84778,101.06088,14.71352,100.82881,129.5,google
13.84778,101.06088,14.73648,102.11758,217.9,google
13.84778,101.06088,15.86157,102.01584,323.9,google
13.84778,101.06088,17.01995,100.32026,448.0,google
13.84778,101.06088,14.9075,100.08686,210.3,google
13.84778,101.06088,14.57319,100.08287,174.4,google
13.6796,100.90547,13.67603,100.60363,47.2,google
13.6796,100.90547,16.28676,102.78511,429.0,google
13.6796,100.90547,14.78251,101.9564,236.4,google
13.6796,100.90547,14.71108,101.44291,205.1,google
13.6796,100.90547,14.71352,100.82881,164.1,google
13.6796,100.90547,14.73648,102.11758,236.4,google
13.6796,100.90547,15.86157,102.01584,369.5,google
13.6796,100.90547,17.01995,100.32026,438.1,google
13.6796,100.90547,14.9075,100.08686,207.2,google
13.6796,100.90547,14.57319,100.08287,171.3,google
13.7209,100.80069,13.67603,100.60363,34.3,google
13.7209,100.80069,16.28676,102.78511,447.9,google
13.7209,100.80069,14.78251,101.9564,253.6,google
13.7209,100.80069,14.71108,101.44291,189.7,google
13.7209,100.80069,14.71352,100.82881,148.8,google
13.7209,100.80069,14.73648,102.11758,274.0,google
13.7209,100.80069,15.86157,102.01584,354.1,google
13.7209,100.80069,17.01995,100.32026,422.7,google
13.7209,100.80069,14.9075,100.08686,191.9,google
13.7209,100.80069,14.57319,100.08287,155.9,google
16.01714,102.81953,15.18526,100.23194,371.0,google
16.01714,102.81953,14.18789,100.47625,391.4,google
16.01714,102.81953,15.05041,101.70358,198.1,google
16.01714,102.81953,13.40652,101.20732,403.8,google
16.01714,102.81953,13.7447,102.324,317.8,google
16.01714,102.81953,14.62893,103.40957,212.6,google
16.01714,102.81953,15.3708,100.13534,385.8,google
16.01714,102.81953,13.82633,101.25721,376.9,google
16.01714,102.81953,13.97256,102.7732,273.7,google
16.01714,102.81953,13.95154,100.97472,383.3,google
14.72791,102.01368,15.18526,100.23194,247.9,google
14.72791,102.01368,14.18789,100.47625,225.7,google
14.72791,102.01368,15.05041,101.70358,65.6,google
14.72791,102.01368,13.40652,101.20732,211.0,google
14.72791,102.01368,13.7447,102.324,166.6,google
14.72791,102.01368,14.62893,103.40957,157.7,google
14.72791,102.01368,15.3708,100.13534,262.8,google
14.72791,102.01368,13.82633,101.25721,184.1,google
14.72791,102.01368,13.97256,102.7732,176.6,google
14.72791,102.01368,13.95154,100.97472,217.6,google
15.00326,100.0304,15.18526,100.23194,54.3,google
15.00326,100.0304,14.18789,100.47625,134.6,google
15.00326,100.0304,15.05041,101.70358,236.1,google
15.00326,100.0304,13.40652,101.20732,277.3,google
15.00326,100.0304,13.7447,102.324,323.9,google
15.00326,100.0304,14.62893,103.40957,426.4,google
15.00326,100.0304,15.3708,100.13534,66.1,google
15.00326,100.0304,13.82633,101.25721,257.1,google
15.00326,100.0304,13.97256,102.7732,381.6,google
15.00326,100.0304,13.95154,100.97472,204.0,google
15.2784,100.09664,15.18526,100.23194,27.1,google
15.2784,100.09664,14.18789,100.47625,161.0,google
15.2784,100.09664,15.05041,101.70358,208.9,google
15.2784,100.09664,13.40652,101.20732,294.3,google
15.2784,100.09664,13.7447,102.324,340.8,google
15.2784,100.09664,14.62893,103.40957,410.2,google
15.2784,100.09664,15.3708,100.13534,21.7,google
15.2784,100.09664,13.82633,101.25721,257.5,google
15.2784,100.09664,13.97256,102.7732,398.5,google
15.2784,100.09664,13.95154,100.97472,220.8,google
16.2741,100.12904,15.18526,100.23194,124.9,google
16.2741,100.12904,14.18789,100.47625,258.8,google
16.2741,100.12904,15.05041,101.70358,285.3,google
16.2741,100.12904,13.40652,101.20732,392.1,google
16.2741,100.12904,13.7447,102.324,438.6,google
16.2741,100.12904,14.62893,103.40957,486.6,google
16.2741,100.12904,15.3708,100.13534,102.9,google
16.2741,100.12904,13.82633,101.25721,355.3,google
16.2741,100.12904,13.97256,102.7732,496.3,google
16.2741,100.12904,13.95154,100.97472,318.6,google
17.22814,102.90926,15.18526,100.23194,489.8,google
17.22814,102.90926,14.18789,100.47625,517.1,google
17.22814,102.90926,15.05041,101.70358,323.7,google
17.22814,102.90926,13.40652,101.20732,529.5,google
17.22814,102.90926,13.7447,102.324,457.3,google
17.22814,102.90926,14.62893,103.40957,359.4,google
17.22814,102.90926,15.3708,100.13534,495.4,google
17.22814,102.90926,13.82633,101.25721,502.6,google
17.22814,102.90926,13.97256,102.7732,413.2,google
17.22814,102.90926,13.95154,100.97472,509.0,google
13.91644,101.04417,15.18526,100.23194,202.6,google
13.91644,101.04417,14.18789,100.47625,104.0,google
13.91644,101.04417,15.05041,101.70358,202.4,google
13.91644,101.04417,13.40652,101.20732,65.6,google
13.91644,101.04417,13.7447,102.324,178.3,google
13.91644,101.04417,14.62893,103.40957,366.0,google
13.91644,101.04417,15.3708,100.13534,229.9,google
13.91644,101.04417,13.82633,101.25721,43.7,google
13.91644,101.04417,13.97256,102.7732,239.8,google
13.91644,101.04417,13.95154,100.97472,11.7,google
13.84778,101.06088,15.18526,100.23194,222.8,google
13.84778,101.06088,14.18789,100.47625,104.5,google
13.84778,101.06088,15.05041,101.70358,216.4,google
13.84778,101.06088,13.40652,101.20732,61.7,google
13.84778,101.06088,13.7447,102.324,169.7,google
13.84778,101.06088,14.62893,103.40957,357.4,google
13.84778,101.06088,15.3708,100.13534,250.1,google
13.84778,101.06088,13.82633,101.25721,35.2,google
13.84778,101.06088,13.97256,102.7732,231.2,google
13.84778,101.06088,13.95154,100.97472,25.8,google
13.6796,100.90547,15.18526,100.23194,212.9,google
13.6796,100.90547,14.18789,100.47625,102.2,google
13.6796,100.90547,15.05041,101.70358,262.0,google
13.6796,100.90547,13.40652,101.20732,53.1,google
13.6796,100.90547,13.7447,102.324,164.6,google
13.6796,100.90547,14.62893,103.40957,352.3,google
13.6796,100.90547,15.3708,100.13534,240.2,google
13.6796,100.90547,13.82633,101.25721,59.9,google
13.6796,100.90547,13.97256,102.7732,226.1,google
13.6796,100.90547,13.95154,100.97472,43.0,google
13.7209,100.80069,15.18526,100.23194,197.6,google
13.7209,100.80069,14.18789,100.47625,86.9,google
13.7209,100.80069,15.05041,101.70358,246.7,google
13.7209,100.80069,13.40652,101.20732,70.4,google
13.7209,100.80069,13.7447,102.324,177.9,google
13.7209,100.80069,14.62893,103.40957,365.6,google
13.7209,100.80069,15.3708,100.13534,224.8,google
13.7209,100.80069,13.82633,101.25721,73.2,google
13.7209,100.80069,13.97256,102.7732,239.4,google
13.7209,100.80069,13.95154,100.97472,43.5,google
16.01714,102.81953,13.3375,101.08677,419.5,google
16.01714,102.81953,16.38124,103.22129,78.3,google
16.01714,102.81953,18.8401,98.98762,698.3,google
16.01714,102.81953,13.825,101.05471,394.7,google
16.01714,102.81953,13.61102,101.31725,370.6,google
16.01714,102.81953,14.65748,101.4045,252.9,google
16.01714,102.81953,13.40859,101.20776,403.0,google
16.01714,102.81953,14.83975,105.12624,331.3,google
16.01714,102.81953,14.19173,100.81368,354.0,google
16.01714,102.81953,13.93528,101.05366,382.1,google
14.72791,102.01368,13.3375,101.08677,226.7,google
14.72791,102.01368,16.38124,103.22129,272.0,google
14.72791,102.01368,18.8401,98.98762,702.1,google
14.72791,102.01368,13.825,101.05471,207.0,google
14.72791,102.01368,13.61102,101.31725,177.9,google
14.72791,102.01368,14.65748,101.4045,90.8,google
14.72791,102.01368,13.40859,101.20776,210.3,google
14.72791,102.01368,14.83975,105.12624,356.6,google
14.72791,102.01368,14.19173,100.81368,188.3,google
14.72791,102.01368,13.93528,101.05366,203.6,google
15.00326,100.0304,13.3375,101.08677,269.4,google
15.00326,100.0304,16.38124,103.22129,483.1,google
15.00326,100.0304,18.8401,98.98762,550.7,google
15.00326,100.0304,13.825,101.05471,224.5,google
15.00326,100.0304,13.61102,101.31725,261.2,google
15.00326,100.0304,14.65748,101.4045,193.8,google
15.00326,100.0304,13.40859,101.20776,276.5,google
15.00326,100.0304,14.83975,105.12624,625.3,google
15.00326,100.0304,14.19173,100.81368,155.3,google
15.00326,100.0304,13.93528,101.05366,218.7,google
15.2784,100.09664,13.3375,101.08677,286.4,google
15.2784,100.09664,16.38124,103.22129,455.9,google
15.2784,100.09664,18.8401,98.98762,506.3,google
15.2784,100.09664,13.825,101.05471,249.3,google
15.2784,100.09664,13.61102,101.31725,286.0,google
15.2784,100.09664,14.65748,101.4045,199.7,google
15.2784,100.09664,13.40859,101.20776,293.5,google
15.2784,100.09664,14.83975,105.12624,609.2,google
15.2784,100.09664,14.19173,100.81368,172.2,google
15.2784,100.09664,13.93528,101.05366,235.5,google
16.2741,100.12904,13.3375,101.08677,384.2,google
16.2741,100.12904,16.38124,103.22129,429.2,google
16.2741,100.12904,18.8401,98.98762,417.5,google
16.2741,100.12904,13.825,101.05471,347.1,google
16.2741,100.12904,13.61102,101.31725,383.8,google
16.2741,100.12904,14.65748,101.4045,284.6,google
16.2741,100.12904,13.40859,101.20776,391.3,google
16.2741,100.12904,14.83975,105.12624,685.6,google
16.2741,100.12904,14.19173,100.81368,270.0,google
16.2741,100.12904,13.93528,101.05366,333.3,google
17.22814,102.90926,13.3375,101.08677,545.2,google
17.22814,102.90926,16.38124,103.22129,138.8,google
17.22814,102.90926,18.8401,98.98762,632.1,google
17.22814,102.90926,13.825,101.05471,520.4,google
17.22814,102.90926,13.61102,101.31725,496.3,google
17.22814,102.90926,14.65748,101.4045,378.6,google
17.22814,102.90926,13.40859,101.20776,528.7,google
17.22814,102.90926,14.83975,105.12624,421.8,google
17.22814,102.90926,14.19173,100.81368,479.7,google
17.22814,102.90926,13.93528,101.05366,507.8,google
13.91644,101.04417,13.3375,101.08677,78.6,google
13.91644,101.04417,16.38124,103.22129,466.7,google
13.91644,101.04417,18.8401,98.98762,714.6,google
13.91644,101.04417,13.825,101.05471,11.6,google
13.91644,101.04417,13.61102,101.31725,61.9,google
13.91644,101.04417,14.65748,101.4045,138.7,google
13.91644,101.04417,13.40859,101.20776,64.8,google
13.91644,101.04417,14.83975,105.12624,564.9,google
13.91644,101.04417,14.19173,100.81368,56.7,google
13.91644,101.04417,13.93528,101.05366,13.0,google
13.84778,101.06088,13.3375,101.08677,74.7,google
13.84778,101.06088,16.38124,103.22129,480.8,google
13.84778,101.06088,18.8401,98.98762,734.8,google
13.84778,101.06088,13.825,101.05471,7.7,google
13.84778,101.06088,13.61102,101.31725,53.3,google
13.84778,101.06088,14.65748,101.4045,152.7,google
13.84778,101.06088,13.40859,101.20776,60.9,google
13.84778,101.06088,14.83975,105.12624,556.3,google
13.84778,101.06088,14.19173,100.81368,70.7,google
13.84778,101.06088,13.93528,101.05366,27.1,google
13.6796,100.90547,13.3375,101.08677,57.6,google
13.6796,100.90547,16.38124,103.22129,492.2,google
13.6796,100.90547,18.8401,98.98762,724.9,google
13.6796,100.90547,13.825,101.05471,34.2,google
13.6796,100.90547,13.61102,101.31725,53.0,google
13.6796,100.90547,14.65748,101.4045,198.3,google
13.6796,100.90547,13.40859,101.20776,52.3,google
13.6796,100.90547,14.83975,105.12624,551.2,google
13.6796,100.90547,14.19173,100.81368,75.4,google
13.6796,100.90547,13.93528,101.05366,53.7,google
13.7209,100.80069,13.3375,101.08677,62.5,google
13.7209,100.80069,16.38124,103.22129,511.0,google
13.7209,100.80069,18.8401,98.98762,709.5,google
13.7209,100.80069,13.825,101.05471,41.3,google
13.7209,100.80069,13.61102,101.31725,66.3,google
13.7209,100.80069,14.65748,101.4045,183.0,google
13.7209,100.80069,13.40859,101.20776,69.6,google
13.7209,100.80069,14.83975,105.12624,564.5,google
13.7209,100.80069,14.19173,100.81368,77.8,google
13.7209,100.80069,13.93528,101.05366,60.8,google
16.01714,102.81953,14.72791,102.01368,195.3,google
16.01714,102.81953,15.00326,100.0304,403.4,google
16.01714,102.81953,15.2784,100.09664,383.5,google
16.01714,102.81953,16.2741,100.12904,383.0,google
16.01714,102.81953,17.22814,102.90926,152.1,google
16.01714,102.81953,13.91644,101.04417,387.8,google
16.01714,102.81953,13.84778,101.06088,393.4,google
16.01714,102.81953,13.6796,100.90547,443.0,google
16.01714,102.81953,13.7209,100.80069,431.9,google
14.72791,102.01368,16.01714,102.81953,196.6,google
14.72791,102.01368,15.00326,100.0304,284.3,google
14.72791,102.01368,15.2784,100.09664,260.4,google
14.72791,102.01368,16.2741,100.12904,337.3,google
14.72791,102.01368,17.22814,102.90926,320.8,google
14.72791,102.01368,13.91644,101.04417,212.0,google
14.72791,102.01368,13.84778,101.06088,204.8,google
14.72791,102.01368,13.6796,100.90547,223.1,google
14.72791,102.01368,13.7209,100.80069,266.2,google
15.00326,100.0304,16.01714,102.81953,410.7,google
15.00326,100.0304,14.72791,102.01368,278.6,google
15.00326,100.0304,15.2784,100.09664,52.7,google
15.00326,100.0304,16.2741,100.12904,168.6,google
15.00326,100.0304,17.22814,102.90926,527.0,google
15.00326,100.0304,13.91644,101.04417,219.0,google
15.00326,100.0304,13.84778,101.06088,223.2,google
15.00326,100.0304,13.6796,100.90547,222.2,google
15.00326,100.0304,13.7209,100.80069,211.1,google
15.2784,100.09664,16.01714,102.81953,383.5,google
15.2784,100.09664,14.72791,102.01368,262.4,google
15.2784,100.09664,15.00326,100.0304,43.9,google
15.2784,100.09664,16.2741,100.12904,124.2,google
15.2784,100.09664,17.22814,102.90926,499.8,google
15.2784,100.09664,13.91644,101.04417,235.8,google
15.2784,100.09664,13.84778,101.06088,248.0,google
15.2784,100.09664,13.6796,100.90547,239.2,google
15.2784,100.09664,13.7209,100.80069,228.1,google
16.2741,100.12904,16.01714,102.81953,382.7,google
16.2741,100.12904,14.72791,102.01368,338.8,google
16.2741,100.12904,15.00326,100.0304,157.7,google
16.2741,100.12904,15.2784,100.09664,114.1,google
16.2741,100.12904,17.22814,102.90926,463.8,google
16.2741,100.12904,13.91644,101.04417,333.6,google
16.2741,100.12904,13.84778,101.06088,345.8,google
16.2741,100.12904,13.6796,100.90547,337.0,google
16.2741,100.12904,13.7209,100.80069,325.9,google
17.22814,102.90926,16.01714,102.81953,153.5,google
17.22814,102.90926,14.72791,102.01368,321.0,google
17.22814,102.90926,15.00326,100.0304,522.2,google
17.22814,102.90926,15.2784,100.09664,502.2,google
17.22814,102.90926,16.2741,100.12904,445.0,google
17.22814,102.90926,13.91644,101.04417,513.5,google
17.22814,102.90926,13.84778,101.06088,519.1,google
17.22814,102.90926,13.6796,100.90547,568.7,google
17.22814,102.90926,13.7209,100.80069,557.6,google
13.91644,101.04417,16.01714,102.81953,391.4,google
13.91644,101.04417,14.72791,102.01368,203.0,google
13.91644,101.04417,15.00326,100.0304,224.7,google
13.91644,101.04417,15.2784,100.09664,227.6,google
13.91644,101.04417,16.2741,100.12904,332.6,google
13.91644,101.04417,17.22814,102.90926,515.5,google
13.91644,101.04417,13.84778,101.06088,10.3,google
13.91644,101.04417,13.6796,100.90547,39.3,google
13.91644,101.04417,13.7209,100.80069,48.0,google
13.84778,101.06088,16.01714,102.81953,405.4,google
13.84778,101.06088,14.72791,102.01368,202.4,google
13.84778,101.06088,15.00326,100.0304,227.9,google
13.84778,101.06088,15.2784,100.09664,247.8,google
13.84778,101.06088,16.2741,100.12904,352.7,google
13.84778,101.06088,17.22814,102.90926,529.6,google
13.84778,101.06088,13.91644,101.04417,14.0,google
13.84778,101.06088,13.6796,100.90547,36.1,google
13.84778,101.06088,13.7209,100.80069,46.2,google
13.6796,100.90547,16.01714,102.81953,416.9,google
13.6796,100.90547,14.72791,102.01368,220.9,google
13.6796,100.90547,15.00326,100.0304,224.8,google
13.6796,100.90547,15.2784,100.09664,237.9,google
13.6796,100.90547,16.2741,100.12904,342.8,google
13.6796,100.90547,17.22814,102.90926,541.0,google
13.6796,100.90547,13.91644,101.04417,40.6,google
13.6796,100.90547,13.84778,101.06088,33.7,google
13.6796,100.90547,13.7209,100.80069,17.2,google
13.7209,100.80069,16.01714,102.81953,435.7,google
13.7209,100.80069,14.72791,102.01368,234.2,google
13.7209,100.80069,15.00326,100.0304,209.5,google
13.7209,100.80069,15.2784,100.09664,222.5,google
13.7209,100.80069,16.2741,100.12904,327.5,google
13.7209,100.80069,17.22814,102.90926,559.8,google
13.7209,100.80069,13.91644,101.04417,47.8,google
13.7209,100.80069,13.84778,101.06088,40.8,google
13.7209,100.80069,13.6796,100.90547,13.8,google
16.01714,102.81953,15.61027,103.824,138.3,google
16.01714,102.81953,15.68264,100.46821,326.1,google
16.01714,102.81953,15.54663,102.97559,68.5,google
16.01714,102.81953,16.32573,99.63809,444.5,google
16.01714,102.81953,13.98572,100.96352,378.6,google
16.01714,102.81953,13.83999,100.96635,396.2,google
16.01714,102.81953,15.53403,100.48399,342.4,google
16.01714,102.81953,16.0598,100.0351,382.4,google
16.01714,102.81953,15.10604,100.21214,371.5,google
16.01714,102.81953,13.83162,100.9114,395.7,google
14.72791,102.01368,15.61027,103.824,265.2,google
14.72791,102.01368,15.68264,100.46821,256.8,google
14.72791,102.01368,15.54663,102.97559,163.3,google
14.72791,102.01368,16.32573,99.63809,383.7,google
14.72791,102.01368,13.98572,100.96352,212.8,google
14.72791,102.01368,13.83999,100.96635,214.1,google
14.72791,102.01368,15.53403,100.48399,240.8,google
14.72791,102.01368,16.0598,100.0351,336.6,google
14.72791,102.01368,15.10604,100.21214,248.5,google
14.72791,102.01368,13.83162,100.9114,221.8,google
15.00326,100.0304,15.61027,103.824,515.0,google
15.00326,100.0304,15.68264,100.46821,118.9,google
15.00326,100.0304,15.54663,102.97559,413.2,google
15.00326,100.0304,16.32573,99.63809,187.0,google
15.00326,100.0304,13.98572,100.96352,202.7,google
15.00326,100.0304,13.83999,100.96635,212.8,google
15.00326,100.0304,15.53403,100.48399,102.9,google
15.00326,100.0304,16.0598,100.0351,153.2,google
15.00326,100.0304,15.10604,100.21214,31.6,google
15.00326,100.0304,13.83162,100.9114,210.7,google
15.2784,100.09664,15.61027,103.824,490.2,google
15.2784,100.09664,15.68264,100.46821,78.5,google
15.2784,100.09664,15.54663,102.97559,388.4,google
15.2784,100.09664,16.32573,99.63809,142.5,google
15.2784,100.09664,13.98572,100.96352,219.6,google
15.2784,100.09664,13.83999,100.96635,237.6,google
15.2784,100.09664,15.53403,100.48399,64.8,google
15.2784,100.09664,16.0598,100.0351,108.8,google
15.2784,100.09664,15.10604,100.21214,27.8,google
15.2784,100.09664,13.83162,100.9114,235.5,google
16.2741,100.12904,15.61027,103.824,490.0,google
16.2741,100.12904,15.68264,100.46821,102.2,google
16.2741,100.12904,15.54663,102.97559,388.1,google
16.2741,100.12904,16.32573,99.63809,68.5,google
16.2741,100.12904,13.98572,100.96352,317.4,google
16.2741,100.12904,13.83999,100.96635,335.4,google
16.2741,100.12904,15.53403,100.48399,116.0,google
16.2741,100.12904,16.0598,100.0351,33.0,google
16.2741,100.12904,15.10604,100.21214,144.6,google
16.2741,100.12904,13.83162,100.9114,333.3,google
17.22814,102.90926,15.61027,103.824,245.3,google
17.22814,102.90926,15.68264,100.46821,433.8,google
17.22814,102.90926,15.54663,102.97559,221.6,google
17.22814,102.90926,16.32573,99.63809,509.7,google
17.22814,102.90926,13.98572,100.96352,504.3,google
17.22814,102.90926,13.83999,100.96635,521.9,google
17.22814,102.90926,15.53403,100.48399,450.2,google
17.22814,102.90926,16.0598,100.0351,478.0,google
17.22814,102.90926,15.10604,100.21214,490.3,google
17.22814,102.90926,13.83162,100.9114,521.4,google
13.91644,101.04417,15.61027,103.824,459.9,google
13.91644,101.04417,15.68264,100.46821,265.0,google
13.91644,101.04417,15.54663,102.97559,358.1,google
13.91644,101.04417,16.32573,99.63809,350.9,google
13.91644,101.04417,13.98572,100.96352,16.9,google
13.91644,101.04417,13.83999,100.96635,17.9,google
13.91644,101.04417,15.53403,100.48399,249.0,google
13.91644,101.04417,16.0598,100.0351,317.2,google
13.91644,101.04417,15.10604,100.21214,203.2,google
13.91644,101.04417,13.83162,100.9114,25.6,google
13.84778,101.06088,15.61027,103.824,474.0,google
13.84778,101.06088,15.68264,100.46821,285.1,google
13.84778,101.06088,15.54663,102.97559,372.1,google
13.84778,101.06088,16.32573,99.63809,371.1,google
13.84778,101.06088,13.98572,100.96352,30.9,google
13.84778,101.06088,13.83999,100.96635,16.0,google
13.84778,101.06088,15.53403,100.48399,269.1,google
13.84778,101.06088,16.0598,100.0351,337.3,google
13.84778,101.06088,15.10604,100.21214,223.3,google
13.84778,101.06088,13.83162,100.9114,23.7,google
13.6796,100.90547,15.61027,103.824,471.6,google
13.6796,100.90547,15.68264,100.46821,275.2,google
13.6796,100.90547,15.54663,102.97559,383.5,google
13.6796,100.90547,16.32573,99.63809,361.2,google
13.6796,100.90547,13.98572,100.96352,48.1,google
13.6796,100.90547,13.83999,100.96635,30.9,google
13.6796,100.90547,15.53403,100.48399,259.2,google
13.6796,100.90547,16.0598,100.0351,327.4,google
13.6796,100.90547,15.10604,100.21214,213.4,google
13.6796,100.90547,13.83162,100.9114,28.8,google
13.7209,100.80069,15.61027,103.824,504.2,google
13.7209,100.80069,15.68264,100.46821,259.9,google
13.7209,100.80069,15.54663,102.97559,402.4,google
13.7209,100.80069,16.32573,99.63809,345.8,google
13.7209,100.80069,13.98572,100.96352,43.0,google
13.7209,100.80069,13.83999,100.96635,31.5,google
13.7209,100.80069,15.53403,100.48399,243.9,google
13.7209,100.80069,16.0598,100.0351,312.1,google
13.7209,100.80069,15.10604,100.21214,198.1,google
13.7209,100.80069,13.83162,100.9114,29.4,google
16.01714,102.81953,12.64045,102.0921,491.8,google
16.01714,102.81953,13.85167,101.0799,395.7,google
16.01714,102.81953,14.8798,100.3025,402.8,google
16.01714,102.81953,16.02498,103.84685,121.8,google
16.01714,102.81953,14.80226,101.89712,197.3,google
16.01714,102.81953,15.46899,100.15983,375.5,google
16.01714,102.81953,15.0652,104.05148,224.2,google
16.01714,102.81953,13.96135,101.88192,313.9,google
16.01714,102.81953,13.91039,101.65502,316.7,google
14.72791,102.01368,12.64045,102.0921,299.1,google
14.72791,102.01368,13.85167,101.0799,202.7,google
14.72791,102.01368,14.8798,100.3025,237.0,google
14.72791,102.01368,16.02498,103.84685,293.3,google
14.72791,102.01368,14.80226,101.89712,23.7,google
14.72791,102.01368,15.46899,100.15983,269.2,google
14.72791,102.01368,15.0652,104.05148,255.4,google
14.72791,102.01368,13.96135,101.88192,121.1,google
14.72791,102.01368,13.91039,101.65502,123.9,google
15.00326,100.0304,12.64045,102.0921,417.8,google
15.00326,100.0304,13.85167,101.0799,225.5,google
15.00326,100.0304,14.8798,100.3025,49.5,google
15.00326,100.0304,16.02498,103.84685,543.1,google
15.00326,100.0304,14.80226,101.89712,259.4,google
15.00326,100.0304,15.46899,100.15983,72.5,google
15.00326,100.0304,15.0652,104.05148,524.1,google
15.00326,100.0304,13.96135,101.88192,267.7,google
15.00326,100.0304,13.91039,101.65502,258.1,google
15.2784,100.09664,12.64045,102.0921,434.8,google
15.2784,100.09664,13.85167,101.0799,250.3,google
15.2784,100.09664,14.8798,100.3025,57.9,google
15.2784,100.09664,16.02498,103.84685,518.3,google
15.2784,100.09664,14.80226,101.89712,243.3,google
15.2784,100.09664,15.46899,100.15983,28.0,google
15.2784,100.09664,15.0652,104.05148,508.0,google
15.2784,100.09664,13.96135,101.88192,284.6,google
15.2784,100.09664,13.91039,101.65502,275.0,google
16.2741,100.12904,12.64045,102.0921,532.6,google
16.2741,100.12904,13.85167,101.0799,348.1,google
16.2741,100.12904,14.8798,100.3025,172.1,google
16.2741,100.12904,16.02498,103.84685,497.7,google
16.2741,100.12904,14.80226,101.89712,319.7,google
16.2741,100.12904,15.46899,100.15983,94.1,google
16.2741,100.12904,15.0652,104.05148,545.2,google
16.2741,100.12904,13.96135,101.88192,382.4,google
16.2741,100.12904,13.91039,101.65502,372.8,google
17.22814,102.90926,12.64045,102.0921,617.5,google
17.22814,102.90926,13.85167,101.0799,521.4,google
17.22814,102.90926,14.8798,100.3025,479.3,google
17.22814,102.90926,16.02498,103.84685,212.2,google
17.22814,102.90926,14.80226,101.89712,323.0,google
17.22814,102.90926,15.46899,100.15983,483.3,google
17.22814,102.90926,15.0652,104.05148,336.3,google
17.22814,102.90926,13.96135,101.88192,439.6,google
17.22814,102.90926,13.91039,101.65502,442.4,google
13.91644,101.04417,12.64045,102.0921,214.7,google
13.91644,101.04417,13.85167,101.0799,12.6,google
13.91644,101.04417,14.8798,100.3025,177.4,google
13.91644,101.04417,16.02498,103.84685,488.0,google
13.91644,101.04417,14.80226,101.89712,204.3,google
13.91644,101.04417,15.46899,100.15983,236.4,google
13.91644,101.04417,15.0652,104.05148,463.7,google
13.91644,101.04417,13.96135,101.88192,110.9,google
13.91644,101.04417,13.91039,101.65502,89.0,google
13.84778,101.06088,12.64045,102.0921,210.8,google
13.84778,101.06088,13.85167,101.0799,2.5,google
13.84778,101.06088,14.8798,100.3025,197.6,google
13.84778,101.06088,16.02498,103.84685,502.1,google
13.84778,101.06088,14.80226,101.89712,218.3,google
13.84778,101.06088,15.46899,100.15983,256.6,google
13.84778,101.06088,15.0652,104.05148,455.1,google
13.84778,101.06088,13.96135,101.88192,110.4,google
13.84778,101.06088,13.91039,101.65502,88.4,google
13.6796,100.90547,12.64045,102.0921,206.0,google
13.6796,100.90547,13.85167,101.0799,36.0,google
13.6796,100.90547,14.8798,100.3025,187.7,google
13.6796,100.90547,16.02498,103.84685,513.5,google
13.6796,100.90547,14.80226,101.89712,244.0,google
13.6796,100.90547,15.46899,100.15983,246.7,google
13.6796,100.90547,15.0652,104.05148,450.0,google
13.6796,100.90547,13.96135,101.88192,128.1,google
13.6796,100.90547,13.91039,101.65502,100.2,google
13.7209,100.80069,12.64045,102.0921,210.9,google
13.7209,100.80069,13.85167,101.0799,43.1,google
13.7209,100.80069,14.8798,100.3025,172.4,google
13.7209,100.80069,16.02498,103.84685,532.3,google
13.7209,100.80069,14.80226,101.89712,248.6,google
13.7209,100.80069,15.46899,100.15983,231.3,google
13.7209,100.80069,15.0652,104.05148,463.3,google
13.7209,100.80069,13.96135,101.88192,141.4,google
13.7209,100.80069,13.91039,101.65502,113.5,google
15.61027,103.824,13.67603,100.60363,502.2,google
15.61027,103.824,16.28676,102.78511,168.7,google
15.61027,103.824,14.78251,101.9564,271.8,google
15.61027,103.824,14.71108,101.44291,316.6,google
15.61027,103.824,14.71352,100.82881,405.4,google
15.61027,103.824,14.73648,102.11758,258.9,google
15.61027,103.824,15.86157,102.01584,225.1,google
15.61027,103.824,17.01995,100.32026,500.8,google
15.61027,103.824,14.9075,100.08686,509.0,google
15.61027,103.824,14.57319,100.08287,487.7,google
15.68264,100.46821,13.67603,100.60363,253.0,google
15.68264,100.46821,16.28676,102.78511,334.1,google
15.68264,100.46821,14.78251,101.9564,244.6,google
15.68264,100.46821,14.71108,101.44291,195.3,google
15.68264,100.46821,14.71352,100.82881,142.0,google
15.68264,100.46821,14.73648,102.11758,265.0,google
15.68264,100.46821,15.86157,102.01584,216.7,google
15.68264,100.46821,17.01995,100.32026,177.7,google
15.68264,100.46821,14.9075,100.08686,122.0,google
15.68264,100.46821,14.57319,100.08287,164.6,google
15.54663,102.97559,13.67603,100.60363,398.9,google
15.54663,102.97559,16.28676,102.78511,108.2,google
15.54663,102.97559,14.78251,101.9564,168.5,google
15.54663,102.97559,14.71108,101.44291,213.3,google
15.54663,102.97559,14.71352,100.82881,302.1,google
15.54663,102.97559,14.73648,102.11758,155.6,google
15.54663,102.97559,15.86157,102.01584,121.8,google
15.54663,102.97559,17.01995,100.32026,431.2,google
15.54663,102.97559,14.9075,100.08686,405.7,google
15.54663,102.97559,14.57319,100.08287,384.4,google
16.32573,99.63809,13.67603,100.60363,344.2,google
16.32573,99.63809,16.28676,102.78511,452.4,google
16.32573,99.63809,14.78251,101.9564,375.7,google
16.32573,99.63809,14.71108,101.44291,333.6,google
16.32573,99.63809,14.71352,100.82881,246.9,google
16.32573,99.63809,14.73648,102.11758,396.2,google
16.32573,99.63809,15.86157,102.01584,335.0,google
16.32573,99.63809,17.01995,100.32026,166.5,google
16.32573,99.63809,14.9075,100.08686,191.1,google
16.32573,99.63809,14.57319,100.08287,233.6,google
13.98572,100.96352,13.67603,100.60363,68.2,google
13.98572,100.96352,16.28676,102.78511,394.7,google
13.98572,100.96352,14.78251,101.9564,200.5,google
13.98572,100.96352,14.71108,101.44291,136.6,google
13.98572,100.96352,14.71352,100.82881,102.4,google
13.98572,100.96352,14.73648,102.11758,220.9,google
13.98572,100.96352,15.86157,102.01584,301.0,google
13.98572,100.96352,17.01995,100.32026,415.1,google
13.98572,100.96352,14.9075,100.08686,183.3,google
13.98572,100.96352,14.57319,100.08287,165.2,google
13.83999,100.96635,13.67603,100.60363,59.7,google
13.83999,100.96635,16.28676,102.78511,412.4,google
13.83999,100.96635,14.78251,101.9564,218.1,google
13.83999,100.96635,14.71108,101.44291,154.3,google
13.83999,100.96635,14.71352,100.82881,118.1,google
13.83999,100.96635,14.73648,102.11758,227.5,google
13.83999,100.96635,15.86157,102.01584,318.6,google
13.83999,100.96635,17.01995,100.32026,432.3,google
13.83999,100.96635,14.9075,100.08686,194.7,google
13.83999,100.96635,14.57319,100.08287,158.7,google
15.53403,100.48399,13.67603,100.60363,236.0,google
15.53403,100.48399,16.28676,102.78511,347.5,google
15.53403,100.48399,14.78251,101.9564,227.6,google
15.53403,100.48399,14.71108,101.44291,178.3,google
15.53403,100.48399,14.71352,100.82881,125.0,google
15.53403,100.48399,14.73648,102.11758,248.0,google
15.53403,100.48399,15.86157,102.01584,230.0,google
15.53403,100.48399,17.01995,100.32026,195.7,google
15.53403,100.48399,14.9075,100.08686,106.0,google
15.53403,100.48399,14.57319,100.08287,148.6,google
16.0598,100.0351,13.67603,100.60363,305.7,google
16.0598,100.0351,16.28676,102.78511,390.8,google
16.0598,100.0351,14.78251,101.9564,324.4,google
16.0598,100.0351,14.71108,101.44291,295.1,google
16.0598,100.0351,14.71352,100.82881,208.3,google
16.0598,100.0351,14.73648,102.11758,344.8,google
16.0598,100.0351,15.86157,102.01584,273.4,google
16.0598,100.0351,17.01995,100.32026,134.3,google
16.0598,100.0351,14.9075,100.08686,152.5,google
16.0598,100.0351,14.57319,100.08287,195.1,google
15.10604,100.21214,13.67603,100.60363,191.8,google
15.10604,100.21214,16.28676,102.78511,388.4,google
15.10604,100.21214,14.78251,101.9564,245.1,google
15.10604,100.21214,14.71108,101.44291,181.2,google
15.10604,100.21214,14.71352,100.82881,94.4,google
15.10604,100.21214,14.73648,102.11758,265.5,google
15.10604,100.21214,15.86157,102.01584,275.0,google
15.10604,100.21214,17.01995,100.32026,265.3,google
15.10604,100.21214,14.9075,100.08686,28.8,google
15.10604,100.21214,14.57319,100.08287,71.3,google
13.83162,100.9114,13.67603,100.60363,57.7,google
13.83162,100.9114,16.28676,102.78511,412.1,google
13.83162,100.9114,14.78251,101.9564,217.8,google
13.83162,100.9114,14.71108,101.44291,153.9,google
13.83162,100.9114,14.71352,100.82881,113.0,google
13.83162,100.9114,14.73648,102.11758,238.2,google
13.83162,100.9114,15.86157,102.01584,318.3,google
13.83162,100.9114,17.01995,100.32026,430.3,google
13.83162,100.9114,14.9075,100.08686,192.7,google
13.83162,100.9114,14.57319,100.08287,156.7,google
15.61027,103.824,15.18526,100.23194,476.5,google
15.61027,103.824,14.18789,100.47625,461.5,google
15.61027,103.824,15.05041,101.70358,294.1,google
15.61027,103.824,13.40652,101.20732,473.8,google
15.61027,103.824,13.7447,102.324,309.9,google
15.61027,103.824,14.62893,103.40957,129.3,google
15.61027,103.824,15.3708,100.13534,491.3,google
15.61027,103.824,13.82633,101.25721,446.9,google
15.61027,103.824,13.97256,102.7732,265.9,google
15.61027,103.824,13.95154,100.97472,453.4,google
15.68264,100.46821,15.18526,100.23194,82.4,google
15.68264,100.46821,14.18789,100.47625,196.9,google
15.68264,100.46821,15.05041,101.70358,205.2,google
15.68264,100.46821,13.40652,101.20732,330.3,google
15.68264,100.46821,13.7447,102.324,360.5,google
15.68264,100.46821,14.62893,103.40957,406.5,google
15.68264,100.46821,15.3708,100.13534,63.2,google
15.68264,100.46821,13.82633,101.25721,277.2,google
15.68264,100.46821,13.97256,102.7732,424.3,google
15.68264,100.46821,13.95154,100.97472,256.8,google
15.54663,102.97559,15.18526,100.23194,373.2,google
15.54663,102.97559,14.18789,100.47625,358.2,google
15.54663,102.97559,15.05041,101.70358,190.8,google
15.54663,102.97559,13.40652,101.20732,370.5,google
15.54663,102.97559,13.7447,102.324,258.5,google
15.54663,102.97559,14.62893,103.40957,142.1,google
15.54663,102.97559,15.3708,100.13534,388.0,google
15.54663,102.97559,13.82633,101.25721,343.6,google
15.54663,102.97559,13.97256,102.7732,214.4,google
15.54663,102.97559,13.95154,100.97472,350.1,google
16.32573,99.63809,15.18526,100.23194,154.2,google
16.32573,99.63809,14.18789,100.47625,288.1,google
16.32573,99.63809,15.05041,101.70358,336.3,google
16.32573,99.63809,13.40652,101.20732,421.5,google
16.32573,99.63809,13.7447,102.324,468.0,google
16.32573,99.63809,14.62893,103.40957,537.7,google
16.32573,99.63809,15.3708,100.13534,132.2,google
16.32573,99.63809,13.82633,101.25721,384.7,google
16.32573,99.63809,13.97256,102.7732,525.7,google
16.32573,99.63809,13.95154,100.97472,348.0,google
13.98572,100.96352,15.18526,100.23194,189.9,google
13.98572,100.96352,14.18789,100.47625,91.3,google
13.98572,100.96352,15.05041,101.70358,193.6,google
13.98572,100.96352,13.40652,101.20732,81.7,google
13.98572,100.96352,13.7447,102.324,177.8,google
13.98572,100.96352,14.62893,103.40957,362.4,google
13.98572,100.96352,15.3708,100.13534,217.2,google
13.98572,100.96352,13.82633,101.25721,59.4,google
13.98572,100.96352,13.97256,102.7732,239.3,google
13.98572,100.96352,13.95154,100.97472,5.4,google
13.83999,100.96635,15.18526,100.23194,207.2,google
13.83999,100.96635,14.18789,100.47625,88.9,google
13.83999,100.96635,15.05041,101.70358,211.2,google
13.83999,100.96635,13.40652,101.20732,64.5,google
13.83999,100.96635,13.7447,102.324,172.4,google
13.83999,100.96635,14.62893,103.40957,360.0,google
13.83999,100.96635,15.3708,100.13534,234.5,google
13.83999,100.96635,13.82633,101.25721,44.7,google
13.83999,100.96635,13.97256,102.7732,233.9,google
13.83999,100.96635,13.95154,100.97472,13.1,google
15.53403,100.48399,15.18526,100.23194,65.4,google
15.53403,100.48399,14.18789,100.47625,179.9,google
15.53403,100.48399,15.05041,101.70358,188.2,google
15.53403,100.48399,13.40652,101.20732,313.3,google
15.53403,100.48399,13.7447,102.324,343.5,google
15.53403,100.48399,14.62893,103.40957,389.5,google
15.53403,100.48399,15.3708,100.13534,62.0,google
15.53403,100.48399,13.82633,101.25721,260.2,google
15.53403,100.48399,13.97256,102.7732,407.3,google
15.53403,100.48399,13.95154,100.97472,239.8,google
16.0598,100.0351,15.18526,100.23194,115.7,google
16.0598,100.0351,14.18789,100.47625,249.6,google
16.0598,100.0351,15.05041,101.70358,285.0,google
16.0598,100.0351,13.40652,101.20732,383.0,google
16.0598,100.0351,13.7447,102.324,429.5,google
16.0598,100.0351,14.62893,103.40957,486.3,google
16.0598,100.0351,15.3708,100.13534,93.7,google
16.0598,100.0351,13.82633,101.25721,346.2,google
16.0598,100.0351,13.97256,102.7732,487.1,google
16.0598,100.0351,13.95154,100.97472,309.5,google
15.10604,100.21214,15.18526,100.23194,20.5,google
15.10604,100.21214,14.18789,100.47625,135.7,google
15.10604,100.21214,15.05041,101.70358,193.7,google
15.10604,100.21214,13.40652,101.20732,269.0,google
15.10604,100.21214,13.7447,102.324,315.5,google
15.10604,100.21214,14.62893,103.40957,407.0,google
15.10604,100.21214,15.3708,100.13534,47.8,google
15.10604,100.21214,13.82633,101.25721,232.2,google
15.10604,100.21214,13.97256,102.7732,373.2,google
15.10604,100.21214,13.95154,100.97472,195.5,google
13.83162,100.9114,15.18526,100.23194,205.2,google
13.83162,100.9114,14.18789,100.47625,86.9,google
13.83162,100.9114,15.05041,101.70358,210.9,google
13.83162,100.9114,13.40652,101.20732,62.5,google
13.83162,100.9114,13.7447,102.324,170.4,google
13.83162,100.9114,14.62893,103.40957,358.1,google
13.83162,100.9114,15.3708,100.13534,232.5,google
13.83162,100.9114,13.82633,101.25721,52.4,google
13.83162,100.9114,13.97256,102.7732,231.9,google
13.83162,100.9114,13.95154,100.97472,20.1,google
15.61027,103.824,13.3375,101.08677,489.5,google
15.61027,103.824,16.38124,103.22129,130.9,google
15.61027,103.824,18.8401,98.98762,814.9,google
15.61027,103.824,13.825,101.05471,464.7,google
15.61027,103.824,13.61102,101.31725,440.7,google
15.61027,103.824,14.65748,101.4045,322.9,google
15.61027,103.824,13.40859,101.20776,473.1,google
15.61027,103.824,14.83975,105.12624,208.6,google
15.61027,103.824,14.19173,100.81368,424.1,google
15.61027,103.824,13.93528,101.05366,452.1,google
15.68264,100.46821,13.3375,101.08677,322.4,google
15.68264,100.46821,16.38124,103.22129,386.5,google
15.68264,100.46821,18.8401,98.98762,491.8,google
15.68264,100.46821,13.825,101.05471,285.2,google
15.68264,100.46821,13.61102,101.31725,322.0,google
15.68264,100.46821,14.65748,101.4045,198.3,google
15.68264,100.46821,13.40859,101.20776,329.5,google
15.68264,100.46821,14.83975,105.12624,605.4,google
15.68264,100.46821,14.19173,100.81368,208.1,google
15.68264,100.46821,13.93528,101.05366,271.5,google
15.54663,102.97559,13.3375,101.08677,386.2,google
15.54663,102.97559,16.38124,103.22129,143.5,google
15.54663,102.97559,18.8401,98.98762,745.3,google
15.54663,102.97559,13.825,101.05471,361.4,google
15.54663,102.97559,13.61102,101.31725,337.4,google
15.54663,102.97559,14.65748,101.4045,219.6,google
15.54663,102.97559,13.40859,101.20776,369.8,google
15.54663,102.97559,14.83975,105.12624,277.6,google
15.54663,102.97559,14.19173,100.81368,320.8,google
15.54663,102.97559,13.93528,101.05366,348.8,google
16.32573,99.63809,13.3375,101.08677,413.6,google
16.32573,99.63809,16.38124,103.22129,509.6,google
16.32573,99.63809,18.8401,98.98762,363.7,google
16.32573,99.63809,13.825,101.05471,376.5,google
16.32573,99.63809,13.61102,101.31725,413.2,google
16.32573,99.63809,14.65748,101.4045,326.9,google
16.32573,99.63809,13.40859,101.20776,420.7,google
16.32573,99.63809,14.83975,105.12624,736.6,google
16.32573,99.63809,14.19173,100.81368,299.4,google
16.32573,99.63809,13.93528,101.05366,362.7,google
13.98572,100.96352,13.3375,101.08677,92.2,google
13.98572,100.96352,16.38124,103.22129,457.9,google
13.98572,100.96352,18.8401,98.98762,701.9,google
13.98572,100.96352,13.825,101.05471,29.9,google
13.98572,100.96352,13.61102,101.31725,78.0,google
13.98572,100.96352,14.65748,101.4045,129.8,google
13.98572,100.96352,13.40859,101.20776,80.9,google
13.98572,100.96352,14.83975,105.12624,561.4,google
13.98572,100.96352,14.19173,100.81368,42.4,google
13.98572,100.96352,13.93528,101.05366,20.1,google
13.83999,100.96635,13.3375,101.08677,74.9,google
13.83999,100.96635,16.38124,103.22129,475.5,google
13.83999,100.96635,18.8401,98.98762,719.2,google
13.83999,100.96635,13.825,101.05471,12.1,google
13.83999,100.96635,13.61102,101.31725,60.8,google
13.83999,100.96635,14.65748,101.4045,147.5,google
13.83999,100.96635,13.40859,101.20776,63.7,google
13.83999,100.96635,14.83975,105.12624,559.0,google
13.83999,100.96635,14.19173,100.81368,58.1,google
13.83999,100.96635,13.93528,101.05366,29.7,google
15.53403,100.48399,13.3375,101.08677,305.4,google
15.53403,100.48399,16.38124,103.22129,399.8,google
15.53403,100.48399,18.8401,98.98762,509.8,google
15.53403,100.48399,13.825,101.05471,268.2,google
15.53403,100.48399,13.61102,101.31725,305.0,google
15.53403,100.48399,14.65748,101.4045,181.3,google
15.53403,100.48399,13.40859,101.20776,312.5,google
15.53403,100.48399,14.83975,105.12624,588.5,google
15.53403,100.48399,14.19173,100.81368,191.2,google
15.53403,100.48399,13.93528,101.05366,254.5,google
16.0598,100.0351,13.3375,101.08677,375.1,google
16.0598,100.0351,16.38124,103.22129,443.2,google
16.0598,100.0351,18.8401,98.98762,438.0,google
16.0598,100.0351,13.825,101.05471,337.9,google
16.0598,100.0351,13.61102,101.31725,374.7,google
16.0598,100.0351,14.65748,101.4045,288.4,google
16.0598,100.0351,13.40859,101.20776,382.2,google
16.0598,100.0351,14.83975,105.12624,685.2,google
16.0598,100.0351,14.19173,100.81368,260.8,google
16.0598,100.0351,13.93528,101.05366,324.2,google
15.10604,100.21214,13.3375,101.08677,261.1,google
15.10604,100.21214,16.38124,103.22129,440.7,google
15.10604,100.21214,18.8401,98.98762,532.5,google
15.10604,100.21214,13.825,101.05471,224.0,google
15.10604,100.21214,13.61102,101.31725,260.7,google
15.10604,100.21214,14.65748,101.4045,174.4,google
15.10604,100.21214,13.40859,101.20776,268.2,google
15.10604,100.21214,14.83975,105.12624,605.9,google
15.10604,100.21214,14.19173,100.81368,146.9,google
15.10604,100.21214,13.93528,101.05366,210.2,google
13.83162,100.9114,13.3375,101.08677,72.9,google
13.83162,100.9114,16.38124,103.22129,475.2,google
13.83162,100.9114,18.8401,98.98762,717.2,google
13.83162,100.9114,13.825,101.05471,19.7,google
13.83162,100.9114,13.61102,101.31725,58.8,google
13.83162,100.9114,14.65748,101.4045,147.2,google
13.83162,100.9114,13.40859,101.20776,61.7,google
13.83162,100.9114,14.83975,105.12624,557.0,google
13.83162,100.9114,14.19173,100.81368,53.0,google
13.83162,100.9114,13.93528,101.05366,37.4,google
15.61027,103.824,16.01714,102.81953,139.6,google
15.61027,103.824,14.72791,102.01368,265.4,google
15.61027,103.824,15.00326,100.0304,520.1,google
15.61027,103.824,15.2784,100.09664,489.0,google
15.61027,103.824,16.2741,100.12904,491.7,google
15.61027,103.824,17.22814,102.90926,248.9,google
15.61027,103.824,13.91644,101.04417,457.9,google
15.61027,103.824,13.84778,101.06088,463.5,google
15.61027,103.824,13.6796,100.90547,513.1,google
15.61027,103.824,13.7209,100.80069,502.0,google
15.68264,100.46821,16.01714,102.81953,325.6,google
15.68264,100.46821,14.72791,102.01368,258.7,google
15.68264,100.46821,15.00326,100.0304,118.1,google
15.68264,100.46821,15.2784,100.09664,74.4,google
15.68264,100.46821,16.2741,100.12904,101.4,google
15.68264,100.46821,17.22814,102.90926,430.3,google
15.68264,100.46821,13.91644,101.04417,271.8,google
15.68264,100.46821,13.84778,101.06088,284.0,google
15.68264,100.46821,13.6796,100.90547,275.2,google
15.68264,100.46821,13.7209,100.80069,264.1,google
15.54663,102.97559,16.01714,102.81953,68.6,google
15.54663,102.97559,14.72791,102.01368,162.1,google
15.54663,102.97559,15.00326,100.0304,416.8,google
15.54663,102.97559,15.2784,100.09664,385.7,google
15.54663,102.97559,16.2741,100.12904,388.4,google
15.54663,102.97559,17.22814,102.90926,220.2,google
15.54663,102.97559,13.91644,101.04417,354.6,google
15.54663,102.97559,13.84778,101.06088,360.2,google
15.54663,102.97559,13.6796,100.90547,409.8,google
15.54663,102.97559,13.7209,100.80069,398.7,google
16.32573,99.63809,16.01714,102.81953,443.9,google
16.32573,99.63809,14.72791,102.01368,389.9,google
16.32573,99.63809,15.00326,100.0304,187.1,google
16.32573,99.63809,15.2784,100.09664,143.4,google
16.32573,99.63809,16.2741,100.12904,69.6,google
16.32573,99.63809,17.22814,102.90926,517.7,google
16.32573,99.63809,13.91644,101.04417,363.0,google
16.32573,99.63809,13.84778,101.06088,375.2,google
16.32573,99.63809,13.6796,100.90547,366.4,google
16.32573,99.63809,13.7209,100.80069,355.3,google
13.98572,100.96352,16.01714,102.81953,382.5,google
13.98572,100.96352,14.72791,102.01368,214.6,google
13.98572,100.96352,15.00326,100.0304,211.9,google
13.98572,100.96352,15.2784,100.09664,214.9,google
13.98572,100.96352,16.2741,100.12904,319.8,google
13.98572,100.96352,17.22814,102.90926,506.7,google
13.98572,100.96352,13.91644,101.04417,20.4,google
13.98572,100.96352,13.84778,101.06088,28.6,google
13.98572,100.96352,13.6796,100.90547,44.7,google
13.98572,100.96352,13.7209,100.80069,42.9,google
13.83999,100.96635,16.01714,102.81953,400.2,google
13.83999,100.96635,14.72791,102.01368,212.0,google
13.83999,100.96635,15.00326,100.0304,212.3,google
13.83999,100.96635,15.2784,100.09664,232.1,google
13.83999,100.96635,16.2741,100.12904,337.1,google
13.83999,100.96635,17.22814,102.90926,524.3,google
13.83999,100.96635,13.91644,101.04417,16.7,google
13.83999,100.96635,13.84778,101.06088,10.8,google
13.83999,100.96635,13.6796,100.90547,27.5,google
13.83999,100.96635,13.7209,100.80069,30.5,google
15.53403,100.48399,16.01714,102.81953,339.0,google
15.53403,100.48399,14.72791,102.01368,241.7,google
15.53403,100.48399,15.00326,100.0304,109.1,google
15.53403,100.48399,15.2784,100.09664,59.1,google
15.53403,100.48399,16.2741,100.12904,116.4,google
15.53403,100.48399,17.22814,102.90926,443.7,google
15.53403,100.48399,13.91644,101.04417,254.8,google
15.53403,100.48399,13.84778,101.06088,267.0,google
15.53403,100.48399,13.6796,100.90547,258.2,google
15.53403,100.48399,13.7209,100.80069,247.1,google
16.0598,100.0351,16.01714,102.81953,382.4,google
16.0598,100.0351,14.72791,102.01368,338.5,google
16.0598,100.0351,15.00326,100.0304,148.6,google
16.0598,100.0351,15.2784,100.09664,104.9,google
16.0598,100.0351,16.2741,100.12904,33.1,google
16.0598,100.0351,17.22814,102.90926,491.2,google
16.0598,100.0351,13.91644,101.04417,324.5,google
16.0598,100.0351,13.84778,101.06088,336.7,google
16.0598,100.0351,13.6796,100.90547,327.9,google
16.0598,100.0351,13.7209,100.80069,316.8,google
15.10604,100.21214,16.01714,102.81953,368.3,google
15.10604,100.21214,14.72791,102.01368,259.2,google
15.10604,100.21214,15.00326,100.0304,31.9,google
15.10604,100.21214,15.2784,100.09664,31.7,google
15.10604,100.21214,16.2741,100.12904,150.4,google
15.10604,100.21214,17.22814,102.90926,484.6,google
15.10604,100.21214,13.91644,101.04417,210.5,google
15.10604,100.21214,13.84778,101.06088,222.7,google
15.10604,100.21214,13.6796,100.90547,213.9,google
15.10604,100.21214,13.7209,100.80069,202.8,google
13.83162,100.9114,16.01714,102.81953,399.9,google
13.83162,100.9114,14.72791,102.01368,219.6,google
13.83162,100.9114,15.00326,100.0304,210.3,google
13.83162,100.9114,15.2784,100.09664,230.2,google
13.83162,100.9114,16.2741,100.12904,335.1,google
13.83162,100.9114,17.22814,102.90926,524.0,google
13.83162,100.9114,13.91644,101.04417,24.3,google
13.83162,100.9114,13.84778,101.06088,18.5,google
13.83162,100.9114,13.6796,100.90547,25.5,google
13.83162,100.9114,13.7209,100.80069,28.5,google
15.61027,103.824,15.68264,100.46821,434.8,google
15.61027,103.824,15.54663,102.97559,104.7,google
15.61027,103.824,16.32573,99.63809,553.2,google
15.61027,103.824,13.98572,100.96352,448.6,google
15.61027,103.824,13.83999,100.96635,466.2,google
15.61027,103.824,15.53403,100.48399,469.4,google
15.61027,103.824,16.0598,100.0351,491.1,google
15.61027,103.824,15.10604,100.21214,477.0,google
15.61027,103.824,13.83162,100.9114,465.7,google
15.68264,100.46821,15.61027,103.824,432.9,google
15.68264,100.46821,15.54663,102.97559,331.1,google
15.68264,100.46821,16.32573,99.63809,144.5,google
15.68264,100.46821,13.98572,100.96352,255.6,google
15.68264,100.46821,13.83999,100.96635,273.6,google
15.68264,100.46821,15.53403,100.48399,21.0,google
15.68264,100.46821,16.0598,100.0351,85.1,google
15.68264,100.46821,15.10604,100.21214,103.0,google
15.68264,100.46821,13.83162,100.9114,271.5,google
15.54663,102.97559,15.61027,103.824,103.3,google
15.54663,102.97559,15.68264,100.46821,331.5,google
15.54663,102.97559,16.32573,99.63809,449.9,google
15.54663,102.97559,13.98572,100.96352,345.4,google
15.54663,102.97559,13.83999,100.96635,362.9,google
15.54663,102.97559,15.53403,100.48399,366.1,google
15.54663,102.97559,16.0598,100.0351,387.8,google
15.54663,102.97559,15.10604,100.21214,373.7,google
15.54663,102.97559,13.83162,100.9114,362.4,google
16.32573,99.63809,15.61027,103.824,551.2,google
16.32573,99.63809,15.68264,100.46821,145.7,google
16.32573,99.63809,15.54663,102.97559,449.3,google
16.32573,99.63809,13.98572,100.96352,346.8,google
16.32573,99.63809,13.83999,100.96635,364.8,google
16.32573,99.63809,15.53403,100.48399,148.1,google
16.32573,99.63809,16.0598,100.0351,77.7,google
16.32573,99.63809,15.10604,100.21214,174.0,google
16.32573,99.63809,13.83162,100.9114,362.7,google
13.98572,100.96352,15.61027,103.824,451.1,google
13.98572,100.96352,15.68264,100.46821,252.2,google
13.98572,100.96352,15.54663,102.97559,349.2,google
13.98572,100.96352,16.32573,99.63809,338.2,google
13.98572,100.96352,13.83999,100.96635,18.2,google
13.98572,100.96352,15.53403,100.48399,236.2,google
13.98572,100.96352,16.0598,100.0351,304.4,google
13.98572,100.96352,15.10604,100.21214,190.4,google
13.98572,100.96352,13.83162,100.9114,25.3,google
13.83999,100.96635,15.61027,103.824,468.7,google
13.83999,100.96635,15.68264,100.46821,269.5,google
13.83999,100.96635,15.54663,102.97559,366.9,google
13.83999,100.96635,16.32573,99.63809,355.4,google
13.83999,100.96635,13.98572,100.96352,18.3,google
13.83999,100.96635,15.53403,100.48399,253.5,google
13.83999,100.96635,16.0598,100.0351,321.7,google
13.83999,100.96635,15.10604,100.21214,207.7,google
13.83999,100.96635,13.83162,100.9114,8.1,google
15.53403,100.48399,15.61027,103.824,469.5,google
15.53403,100.48399,15.68264,100.46821,21.1,google
15.53403,100.48399,15.54663,102.97559,367.7,google
15.53403,100.48399,16.32573,99.63809,143.3,google
15.53403,100.48399,13.98572,100.96352,238.6,google
15.53403,100.48399,13.83999,100.96635,256.6,google
15.53403,100.48399,16.0598,100.0351,100.1,google
15.53403,100.48399,15.10604,100.21214,86.0,google
15.53403,100.48399,13.83162,100.9114,254.5,google
16.0598,100.0351,15.61027,103.824,489.7,google
16.0598,100.0351,15.68264,100.46821,91.8,google
16.0598,100.0351,15.54663,102.97559,387.8,google
16.0598,100.0351,16.32573,99.63809,74.3,google
16.0598,100.0351,13.98572,100.96352,308.3,google
16.0598,100.0351,13.83999,100.96635,326.3,google
16.0598,100.0351,15.53403,100.48399,105.7,google
16.0598,100.0351,15.10604,100.21214,135.5,google
16.0598,100.0351,13.83162,100.9114,324.2,google
15.10604,100.21214,15.61027,103.824,475.0,google
15.10604,100.21214,15.68264,100.46821,102.5,google
15.10604,100.21214,15.54663,102.97559,373.2,google
15.10604,100.21214,16.32573,99.63809,168.8,google
15.10604,100.21214,13.98572,100.96352,194.3,google
15.10604,100.21214,13.83999,100.96635,212.3,google
15.10604,100.21214,15.53403,100.48399,86.5,google
15.10604,100.21214,16.0598,100.0351,135.0,google
15.10604,100.21214,13.83162,100.9114,210.2,google
13.83162,100.9114,15.61027,103.824,468.4,google
13.83162,100.9114,15.68264,100.46821,267.5,google
13.83162,100.9114,15.54663,102.97559,366.6,google
13.83162,100.9114,16.32573,99.63809,353.4,google
13.83162,100.9114,13.98572,100.96352,25.3,google
13.83162,100.9114,13.83999,100.96635,8.1,google
13.83162,100.9114,15.53403,100.48399,251.5,google
13.83162,100.9114,16.0598,100.0351,319.7,google
13.83162,100.9114,15.10604,100.21214,205.7,google
15.61027,103.824,12.64045,102.0921,461.5,google
15.61027,103.824,13.85167,101.0799,465.7,google
15.61027,103.824,14.8798,100.3025,472.9,google
15.61027,103.824,16.02498,103.84685,63.4,google
15.61027,103.824,14.80226,101.89712,267.3,google
15.61027,103.824,15.46899,100.15983,497.8,google
15.61027,103.824,15.0652,104.05148,96.4,google
15.61027,103.824,13.96135,101.88192,383.9,google
15.61027,103.824,13.91039,101.65502,386.7,google
15.68264,100.46821,12.64045,102.0921,470.8,google
15.68264,100.46821,13.85167,101.0799,286.2,google
15.68264,100.46821,14.8798,100.3025,110.2,google
15.68264,100.46821,16.02498,103.84685,440.7,google
15.68264,100.46821,14.80226,101.89712,239.6,google
15.68264,100.46821,15.46899,100.15983,51.1,google
15.68264,100.46821,15.0652,104.05148,504.2,google
15.68264,100.46821,13.96135,101.88192,304.3,google
15.68264,100.46821,13.91039,101.65502,294.7,google
15.54663,102.97559,12.64045,102.0921,410.0,google
15.54663,102.97559,13.85167,101.0799,362.4,google
15.54663,102.97559,14.8798,100.3025,369.6,google
15.54663,102.97559,16.02498,103.84685,131.4,google
15.54663,102.97559,14.80226,101.89712,164.0,google
15.54663,102.97559,15.46899,100.15983,394.5,google
15.54663,102.97559,15.0652,104.05148,153.8,google
15.54663,102.97559,13.96135,101.88192,280.6,google
15.54663,102.97559,13.91039,101.65502,283.4,google
16.32573,99.63809,12.64045,102.0921,562.0,google
16.32573,99.63809,13.85167,101.0799,377.5,google
16.32573,99.63809,14.8798,100.3025,201.5,google
16.32573,99.63809,16.02498,103.84685,559.0,google
16.32573,99.63809,14.80226,101.89712,370.7,google
16.32573,99.63809,15.46899,100.15983,123.5,google
16.32573,99.63809,15.0652,104.05148,635.4,google
16.32573,99.63809,13.96135,101.88192,411.8,google
16.32573,99.63809,13.91039,101.65502,402.1,google
13.98572,100.96352,12.64045,102.0921,230.8,google
13.98572,100.96352,13.85167,101.0799,30.9,google
13.98572,100.96352,14.8798,100.3025,164.7,google
13.98572,100.96352,16.02498,103.84685,479.2,google
13.98572,100.96352,14.80226,101.89712,195.5,google
13.98572,100.96352,15.46899,100.15983,223.7,google
13.98572,100.96352,15.0652,104.05148,460.1,google
13.98572,100.96352,13.96135,101.88192,117.9,google
13.98572,100.96352,13.91039,101.65502,96.0,google
13.83999,100.96635,12.64045,102.0921,213.6,google
13.83999,100.96635,13.85167,101.0799,13.1,google
13.83999,100.96635,14.8798,100.3025,182.0,google
13.83999,100.96635,16.02498,103.84685,496.8,google
13.83999,100.96635,14.80226,101.89712,213.1,google
13.83999,100.96635,15.46899,100.15983,240.9,google
13.83999,100.96635,15.0652,104.05148,457.8,google
13.83999,100.96635,13.96135,101.88192,119.9,google
13.83999,100.96635,13.91039,101.65502,98.0,google
15.53403,100.48399,12.64045,102.0921,453.8,google
15.53403,100.48399,13.85167,101.0799,269.2,google
15.53403,100.48399,14.8798,100.3025,93.2,google
15.53403,100.48399,16.02498,103.84685,454.0,google
15.53403,100.48399,14.80226,101.89712,222.6,google
15.53403,100.48399,15.46899,100.15983,49.9,google
15.53403,100.48399,15.0652,104.05148,487.2,google
15.53403,100.48399,13.96135,101.88192,287.3,google
15.53403,100.48399,13.91039,101.65502,277.7,google
16.0598,100.0351,12.64045,102.0921,523.5,google
16.0598,100.0351,13.85167,101.0799,338.9,google
16.0598,100.0351,14.8798,100.3025,162.9,google
16.0598,100.0351,16.02498,103.84685,497.4,google
16.0598,100.0351,14.80226,101.89712,319.4,google
16.0598,100.0351,15.46899,100.15983,85.0,google
16.0598,100.0351,15.0652,104.05148,544.9,google
16.0598,100.0351,13.96135,101.88192,373.3,google
16.0598,100.0351,13.91039,101.65502,363.6,google
15.10604,100.21214,12.64045,102.0921,409.5,google
15.10604,100.21214,13.85167,101.0799,225.0,google
15.10604,100.21214,14.8798,100.3025,36.8,google
15.10604,100.21214,16.02498,103.84685,503.1,google
15.10604,100.21214,14.80226,101.89712,240.1,google
15.10604,100.21214,15.46899,100.15983,54.2,google
15.10604,100.21214,15.0652,104.05148,504.7,google
15.10604,100.21214,13.96135,101.88192,259.3,google
15.10604,100.21214,13.91039,101.65502,249.7,google
13.83162,100.9114,12.64045,102.0921,211.6,google
13.83162,100.9114,13.85167,101.0799,20.7,google
13.83162,100.9114,14.8798,100.3025,180.0,google
13.83162,100.9114,16.02498,103.84685,496.5,google
13.83162,100.9114,14.80226,101.89712,212.8,google
13.83162,100.9114,15.46899,100.15983,238.9,google
13.83162,100.9114,15.0652,104.05148,455.8,google
13.83162,100.9114,13.96135,101.88192,127.6,google
13.83162,100.9114,13.91039,101.65502,105.9,google
12.64045,102.0921,13.67603,100.60363,227.7,google
12.64045,102.0921,16.28676,102.78511,508.5,google
12.64045,102.0921,14.78251,101.9564,315.8,google
12.64045,102.0921,14.71108,101.44291,329.4,google
12.64045,102.0921,14.71352,100.82881,358.9,google
12.64045,102.0921,14.73648,102.11758,315.9,google
12.64045,102.0921,15.86157,102.01584,465.1,google
12.64045,102.0921,17.01995,100.32026,632.9,google
12.64045,102.0921,14.9075,100.08686,402.1,google
12.64045,102.0921,14.57319,100.08287,366.1,google
13.85167,101.0799,13.67603,100.60363,72.7,google
13.85167,101.0799,16.28676,102.78511,415.0,google
13.85167,101.0799,14.78251,101.9564,216.1,google
13.85167,101.0799,14.71108,101.44291,156.9,google
13.85167,101.0799,14.71352,100.82881,126.9,google
13.85167,101.0799,14.73648,102.11758,216.1,google
13.85167,101.0799,15.86157,102.01584,321.3,google
13.85167,101.0799,17.01995,100.32026,445.4,google
13.85167,101.0799,14.9075,100.08686,207.7,google
13.85167,101.0799,14.57319,100.08287,171.8,google
14.8798,100.3025,13.67603,100.60363,166.1,google
14.8798,100.3025,16.28676,102.78511,380.6,google
14.8798,100.3025,14.78251,101.9564,219.3,google
14.8798,100.3025,14.71108,101.44291,155.5,google
14.8798,100.3025,14.71352,100.82881,68.7,google
14.8798,100.3025,14.73648,102.11758,239.8,google
14.8798,100.3025,15.86157,102.01584,267.2,google
14.8798,100.3025,17.01995,100.32026,270.6,google
14.8798,100.3025,14.9075,100.08686,32.1,google
14.8798,100.3025,14.57319,100.08287,58.7,google
16.02498,103.84685,13.67603,100.60363,526.5,google
16.02498,103.84685,16.28676,102.78511,135.8,google
16.02498,103.84685,14.78251,101.9564,296.1,google
16.02498,103.84685,14.71108,101.44291,340.9,google
16.02498,103.84685,14.71352,100.82881,429.7,google
16.02498,103.84685,14.73648,102.11758,283.2,google
16.02498,103.84685,15.86157,102.01584,229.8,google
16.02498,103.84685,17.01995,100.32026,467.9,google
16.02498,103.84685,14.9075,100.08686,533.4,google
16.02498,103.84685,14.57319,100.08287,512.1,google
14.80226,101.89712,13.67603,100.60363,248.9,google
14.80226,101.89712,16.28676,102.78511,220.4,google
14.80226,101.89712,14.78251,101.9564,7.4,google
14.80226,101.89712,14.71108,101.44291,65.5,google
14.80226,101.89712,14.71352,100.82881,152.0,google
14.80226,101.89712,14.73648,102.11758,27.8,google
14.80226,101.89712,15.86157,102.01584,155.5,google
14.80226,101.89712,17.01995,100.32026,370.5,google
14.80226,101.89712,14.9075,100.08686,255.7,google
14.80226,101.89712,14.57319,100.08287,234.4,google
15.46899,100.15983,13.67603,100.60363,224.7,google
15.46899,100.15983,16.28676,102.78511,382.1,google
15.46899,100.15983,14.78251,101.9564,256.2,google
15.46899,100.15983,14.71108,101.44291,214.1,google
15.46899,100.15983,14.71352,100.82881,127.3,google
15.46899,100.15983,14.73648,102.11758,276.6,google
15.46899,100.15983,15.86157,102.01584,264.7,google
15.46899,100.15983,17.01995,100.32026,201.3,google
15.46899,100.15983,14.9075,100.08686,71.5,google
15.46899,100.15983,14.57319,100.08287,114.1,google
15.0652,104.05148,13.67603,100.60363,513.5,google
15.0652,104.05148,16.28676,102.78511,256.5,google
15.0652,104.05148,14.78251,101.9564,263.3,google
15.0652,104.05148,14.71108,101.44291,330.1,google
15.0652,104.05148,14.71352,100.82881,416.7,google
15.0652,104.05148,14.73648,102.11758,242.7,google
15.0652,104.05148,15.86157,102.01584,275.6,google
15.0652,104.05148,17.01995,100.32026,588.6,google
15.0652,104.05148,14.9075,100.08686,520.4,google
15.0652,104.05148,14.57319,100.08287,499.1,google
13.96135,101.88192,13.67603,100.60363,179.0,google
13.96135,101.88192,16.28676,102.78511,334.0,google
13.96135,101.88192,14.78251,101.9564,141.3,google
13.96135,101.88192,14.71108,101.44291,154.8,google
13.96135,101.88192,14.71352,100.82881,172.9,google
13.96135,101.88192,14.73648,102.11758,141.3,google
13.96135,101.88192,15.86157,102.01584,290.5,google
13.96135,101.88192,17.01995,100.32026,474.1,google
13.96135,101.88192,14.9075,100.08686,257.3,google
13.96135,101.88192,14.57319,100.08287,246.7,google
13.91039,101.65502,13.67603,100.60363,150.8,google
13.91039,101.65502,16.28676,102.78511,330.1,google
13.91039,101.65502,14.78251,101.9564,137.4,google
13.91039,101.65502,14.71108,101.44291,150.9,google
13.91039,101.65502,14.71352,100.82881,155.8,google
13.91039,101.65502,14.73648,102.11758,137.5,google
13.91039,101.65502,15.86157,102.01584,286.6,google
13.91039,101.65502,17.01995,100.32026,456.9,google
13.91039,101.65502,14.9075,100.08686,240.1,google
13.91039,101.65502,14.57319,100.08287,229.5,google
12.64045,102.0921,15.18526,100.23194,407.7,google
12.64045,102.0921,14.18789,100.47625,297.0,google
12.64045,102.0921,15.05041,101.70358,365.3,google
12.64045,102.0921,13.40652,101.20732,154.3,google
12.64045,102.0921,13.7447,102.324,153.4,google
12.64045,102.0921,14.62893,103.40957,341.2,google
12.64045,102.0921,15.3708,100.13534,435.0,google
12.64045,102.0921,13.82633,101.25721,206.1,google
12.64045,102.0921,13.97256,102.7732,215.0,google
12.64045,102.0921,13.95154,100.97472,227.6,google
13.85167,101.0799,15.18526,100.23194,220.2,google
13.85167,101.0799,14.18789,100.47625,101.9,google
13.85167,101.0799,15.05041,101.70358,213.8,google
13.85167,101.0799,13.40652,101.20732,59.1,google
13.85167,101.0799,13.7447,102.324,167.9,google
13.85167,101.0799,14.62893,103.40957,355.6,google
13.85167,101.0799,15.3708,100.13534,247.5,google
13.85167,101.0799,13.82633,101.25721,33.4,google
13.85167,101.0799,13.97256,102.7732,229.4,google
13.85167,101.0799,13.95154,100.97472,23.2,google
14.8798,100.3025,15.18526,100.23194,45.5,google
14.8798,100.3025,14.18789,100.47625,110.0,google
14.8798,100.3025,15.05041,101.70358,185.9,google
14.8798,100.3025,13.40652,101.20732,243.3,google
14.8798,100.3025,13.7447,102.324,289.8,google
14.8798,100.3025,14.62893,103.40957,381.3,google
14.8798,100.3025,15.3708,100.13534,72.8,google
14.8798,100.3025,13.82633,101.25721,206.5,google
14.8798,100.3025,13.97256,102.7732,347.5,google
14.8798,100.3025,13.95154,100.97472,169.8,google
16.02498,103.84685,15.18526,100.23194,500.8,google
16.02498,103.84685,14.18789,100.47625,485.8,google
16.02498,103.84685,15.05041,101.70358,318.5,google
16.02498,103.84685,13.40652,101.20732,498.2,google
16.02498,103.84685,13.7447,102.324,363.5,google
16.02498,103.84685,14.62893,103.40957,191.0,google
16.02498,103.84685,15.3708,100.13534,515.6,google
16.02498,103.84685,13.82633,101.25721,471.3,google
16.02498,103.84685,13.97256,102.7732,319.4,google
16.02498,103.84685,13.95154,100.97472,477.7,google
14.80226,101.89712,15.18526,100.23194,230.4,google
14.80226,101.89712,14.18789,100.47625,208.2,google
14.80226,101.89712,15.05041,101.70358,48.1,google
14.80226,101.89712,13.40652,101.20732,230.0,google
14.80226,101.89712,13.7447,102.324,185.5,google
14.80226,101.89712,14.62893,103.40957,169.4,google
14.80226,101.89712,15.3708,100.13534,245.3,google
14.80226,101.89712,13.82633,101.25721,203.1,google
14.80226,101.89712,13.97256,102.7732,187.2,google
14.80226,101.89712,13.95154,100.97472,200.1,google
15.46899,100.15983,15.18526,100.23194,34.7,google
15.46899,100.15983,14.18789,100.47625,168.6,google
15.46899,100.15983,15.05041,101.70358,216.8,google
15.46899,100.15983,13.40652,101.20732,302.0,google
15.46899,100.15983,13.7447,102.324,348.4,google
15.46899,100.15983,14.62893,103.40957,418.2,google
15.46899,100.15983,15.3708,100.13534,12.7,google
15.46899,100.15983,13.82633,101.25721,265.2,google
15.46899,100.15983,13.97256,102.7732,406.1,google
15.46899,100.15983,13.95154,100.97472,228.5,google
15.0652,104.05148,15.18526,100.23194,495.1,google
15.0652,104.05148,14.18789,100.47625,472.8,google
15.0652,104.05148,15.05041,101.70358,312.7,google
15.0652,104.05148,13.40652,101.20732,439.6,google
15.0652,104.05148,13.7447,102.324,288.2,google
15.0652,104.05148,14.62893,103.40957,99.2,google
15.0652,104.05148,15.3708,100.13534,509.9,google
15.0652,104.05148,13.82633,101.25721,412.6,google
15.0652,104.05148,13.97256,102.7732,244.2,google
15.0652,104.05148,13.95154,100.97472,464.7,google
13.96135,101.88192,15.18526,100.23194,263.9,google
13.96135,101.88192,14.18789,100.47625,199.2,google
13.96135,101.88192,15.05041,101.70358,190.7,google
13.96135,101.88192,13.40652,101.20732,121.9,google
13.96135,101.88192,13.7447,102.324,57.2,google
13.96135,101.88192,14.62893,103.40957,237.5,google
13.96135,101.88192,15.3708,100.13534,291.2,google
13.96135,101.88192,13.82633,101.25721,95.0,google
13.96135,101.88192,13.97256,102.7732,114.9,google
13.96135,101.88192,13.95154,100.97472,123.8,google
13.91039,101.65502,15.18526,100.23194,246.7,google
13.91039,101.65502,14.18789,100.47625,182.0,google
13.91039,101.65502,15.05041,101.70358,186.8,google
13.91039,101.65502,13.40652,101.20732,93.7,google
13.91039,101.65502,13.7447,102.324,85.4,google
13.91039,101.65502,14.62893,103.40957,265.7,google
13.91039,101.65502,15.3708,100.13534,274.0,google
13.91039,101.65502,13.82633,101.25721,66.8,google
13.91039,101.65502,13.97256,102.7732,143.1,google
13.91039,101.65502,13.95154,100.97472,97.3,google
12.64045,102.0921,13.3375,101.08677,154.2,google
12.64045,102.0921,16.38124,103.22129,529.8,google
12.64045,102.0921,18.8401,98.98762,919.7,google
12.64045,102.0921,13.825,101.05471,204.4,google
12.64045,102.0921,13.61102,101.31725,178.6,google
12.64045,102.0921,14.65748,101.4045,326.1,google
12.64045,102.0921,13.40859,101.20776,154.4,google
12.64045,102.0921,14.83975,105.12624,540.1,google
12.64045,102.0921,14.19173,100.81368,287.9,google
12.64045,102.0921,13.93528,101.05366,227.9,google
13.85167,101.0799,13.3375,101.08677,72.1,google
13.85167,101.0799,16.38124,103.22129,478.2,google
13.85167,101.0799,18.8401,98.98762,732.2,google
13.85167,101.0799,13.825,101.05471,5.1,google
13.85167,101.0799,13.61102,101.31725,55.4,google
13.85167,101.0799,14.65748,101.4045,150.1,google
13.85167,101.0799,13.40859,101.20776,58.3,google
13.85167,101.0799,14.83975,105.12624,554.5,google
13.85167,101.0799,14.19173,100.81368,68.1,google
13.85167,101.0799,13.93528,101.05366,24.5,google
14.8798,100.3025,13.3375,101.08677,235.4,google
14.8798,100.3025,16.38124,103.22129,433.0,google
14.8798,100.3025,18.8401,98.98762,557.5,google
14.8798,100.3025,13.825,101.05471,198.3,google
14.8798,100.3025,13.61102,101.31725,235.0,google
14.8798,100.3025,14.65748,101.4045,148.7,google
14.8798,100.3025,13.40859,101.20776,242.5,google
14.8798,100.3025,14.83975,105.12624,580.2,google
14.8798,100.3025,14.19173,100.81368,121.2,google
14.8798,100.3025,13.93528,101.05366,184.5,google
16.02498,103.84685,13.3375,101.08677,513.8,google
16.02498,103.84685,16.38124,103.22129,92.5,google
16.02498,103.84685,18.8401,98.98762,782.0,google
16.02498,103.84685,13.825,101.05471,489.1,google
16.02498,103.84685,13.61102,101.31725,465.0,google
16.02498,103.84685,14.65748,101.4045,347.2,google
16.02498,103.84685,13.40859,101.20776,497.4,google
16.02498,103.84685,14.83975,105.12624,212.3,google
16.02498,103.84685,14.19173,100.81368,448.4,google
16.02498,103.84685,13.93528,101.05366,476.4,google
14.80226,101.89712,13.3375,101.08677,245.7,google
14.80226,101.89712,16.38124,103.22129,283.6,google
14.80226,101.89712,18.8401,98.98762,684.6,google
14.80226,101.89712,13.825,101.05471,211.4,google
14.80226,101.89712,13.61102,101.31725,196.8,google
14.80226,101.89712,14.65748,101.4045,73.3,google
14.80226,101.89712,13.40859,101.20776,229.2,google
14.80226,101.89712,14.83975,105.12624,368.3,google
14.80226,101.89712,14.19173,100.81368,170.8,google
14.80226,101.89712,13.93528,101.05366,198.8,google
15.46899,100.15983,13.3375,101.08677,294.1,google
15.46899,100.15983,16.38124,103.22129,434.5,google
15.46899,100.15983,18.8401,98.98762,482.3,google
15.46899,100.15983,13.825,101.05471,256.9,google
15.46899,100.15983,13.61102,101.31725,293.7,google
15.46899,100.15983,14.65748,101.4045,207.4,google
15.46899,100.15983,13.40859,101.20776,301.2,google
15.46899,100.15983,14.83975,105.12624,617.1,google
15.46899,100.15983,14.19173,100.81368,179.8,google
15.46899,100.15983,13.93528,101.05366,243.2,google
15.0652,104.05148,13.3375,101.08677,455.2,google
15.0652,104.05148,16.38124,103.22129,218.6,google
15.0652,104.05148,18.8401,98.98762,902.7,google
15.0652,104.05148,13.825,101.05471,453.3,google
15.0652,104.05148,13.61102,101.31725,406.4,google
15.0652,104.05148,14.65748,101.4045,337.9,google
15.0652,104.05148,13.40859,101.20776,438.8,google
15.0652,104.05148,14.83975,105.12624,148.9,google
15.0652,104.05148,14.19173,100.81368,435.4,google
15.0652,104.05148,13.93528,101.05366,463.5,google
13.96135,101.88192,13.3375,101.08677,137.6,google
13.96135,101.88192,16.38124,103.22129,397.1,google
13.96135,101.88192,18.8401,98.98762,775.9,google
13.96135,101.88192,13.825,101.05471,117.9,google
13.96135,101.88192,13.61102,101.31725,88.8,google
13.96135,101.88192,14.65748,101.4045,151.5,google
13.96135,101.88192,13.40859,101.20776,121.1,google
13.96135,101.88192,14.83975,105.12624,436.4,google
13.96135,101.88192,14.19173,100.81368,142.3,google
13.96135,101.88192,13.93528,101.05366,114.5,google
13.91039,101.65502,13.3375,101.08677,109.4,google
13.91039,101.65502,16.38124,103.22129,393.3,google
13.91039,101.65502,18.8401,98.98762,758.7,google
13.91039,101.65502,13.825,101.05471,91.5,google
13.91039,101.65502,13.61102,101.31725,60.6,google
13.91039,101.65502,14.65748,101.4045,147.7,google
13.91039,101.65502,13.40859,101.20776,93.0,google
13.91039,101.65502,14.83975,105.12624,464.6,google
13.91039,101.65502,14.19173,100.81368,125.1,google
13.91039,101.65502,13.93528,101.05366,88.0,google
12.64045,102.0921,16.01714,102.81953,469.5,google
12.64045,102.0921,14.72791,102.01368,300.4,google
12.64045,102.0921,15.00326,100.0304,419.6,google
12.64045,102.0921,15.2784,100.09664,432.7,google
12.64045,102.0921,16.2741,100.12904,537.6,google
12.64045,102.0921,17.22814,102.90926,620.5,google
12.64045,102.0921,13.91644,101.04417,214.8,google
12.64045,102.0921,13.84778,101.06088,207.2,google
12.64045,102.0921,13.6796,100.90547,210.4,google
12.64045,102.0921,13.7209,100.80069,214.2,google
13.85167,101.0799,16.01714,102.81953,402.8,google
13.85167,101.0799,14.72791,102.01368,200.6,google
13.85167,101.0799,15.00326,100.0304,225.3,google
13.85167,101.0799,15.2784,100.09664,245.2,google
13.85167,101.0799,16.2741,100.12904,350.1,google
13.85167,101.0799,17.22814,102.90926,527.0,google
13.85167,101.0799,13.91644,101.04417,11.4,google
13.85167,101.0799,13.84778,101.06088,2.9,google
13.85167,101.0799,13.6796,100.90547,33.5,google
13.85167,101.0799,13.7209,100.80069,43.6,google
14.8798,100.3025,16.01714,102.81953,360.6,google
14.8798,100.3025,14.72791,102.01368,233.5,google
14.8798,100.3025,15.00326,100.0304,50.4,google
14.8798,100.3025,15.2784,100.09664,61.6,google
14.8798,100.3025,16.2741,100.12904,175.4,google
14.8798,100.3025,17.22814,102.90926,476.8,google
14.8798,100.3025,13.91644,101.04417,184.8,google
14.8798,100.3025,13.84778,101.06088,197.0,google
14.8798,100.3025,13.6796,100.90547,188.2,google
14.8798,100.3025,13.7209,100.80069,177.1,google
16.02498,103.84685,16.01714,102.81953,123.9,google
16.02498,103.84685,14.72791,102.01368,289.7,google
16.02498,103.84685,15.00326,100.0304,544.4,google
16.02498,103.84685,15.2784,100.09664,513.3,google
16.02498,103.84685,16.2741,100.12904,500.3,google
16.02498,103.84685,17.22814,102.90926,210.6,google
16.02498,103.84685,13.91644,101.04417,482.2,google
16.02498,103.84685,13.84778,101.06088,487.8,google
16.02498,103.84685,13.6796,100.90547,537.4,google
16.02498,103.84685,13.7209,100.80069,526.3,google
14.80226,101.89712,16.01714,102.81953,208.2,google
14.80226,101.89712,14.72791,102.01368,21.5,google
14.80226,101.89712,15.00326,100.0304,266.8,google
14.80226,101.89712,15.2784,100.09664,242.9,google
14.80226,101.89712,16.2741,100.12904,319.8,google
14.80226,101.89712,17.22814,102.90926,332.4,google
14.80226,101.89712,13.91644,101.04417,204.6,google
14.80226,101.89712,13.84778,101.06088,210.2,google
14.80226,101.89712,13.6796,100.90547,259.8,google
14.80226,101.89712,13.7209,100.80069,248.7,google
15.46899,100.15983,16.01714,102.81953,373.7,google
15.46899,100.15983,14.72791,102.01368,270.3,google
15.46899,100.15983,15.00326,100.0304,67.6,google
15.46899,100.15983,15.2784,100.09664,23.9,google
15.46899,100.15983,16.2741,100.12904,100.2,google
15.46899,100.15983,17.22814,102.90926,478.4,google
15.46899,100.15983,13.91644,101.04417,243.5,google
15.46899,100.15983,13.84778,101.06088,255.7,google
15.46899,100.15983,13.6796,100.90547,246.9,google
15.46899,100.15983,13.7209,100.80069,235.8,google
15.0652,104.05148,16.01714,102.81953,224.3,google
15.0652,104.05148,14.72791,102.01368,256.9,google
15.0652,104.05148,15.00326,100.0304,531.5,google
15.0652,104.05148,15.2784,100.09664,507.6,google
15.0652,104.05148,16.2741,100.12904,542.2,google
15.0652,104.05148,17.22814,102.90926,336.7,google
15.0652,104.05148,13.91644,101.04417,469.2,google
15.0652,104.05148,13.84778,101.06088,457.0,google
15.0652,104.05148,13.6796,100.90547,451.6,google
15.0652,104.05148,13.7209,100.80069,464.2,google
13.96135,101.88192,16.01714,102.81953,321.8,google
13.96135,101.88192,14.72791,102.01368,125.9,google
13.96135,101.88192,15.00326,100.0304,285.9,google
13.96135,101.88192,15.2784,100.09664,288.8,google
13.96135,101.88192,16.2741,100.12904,393.8,google
13.96135,101.88192,17.22814,102.90926,446.0,google
13.96135,101.88192,13.91644,101.04417,122.9,google
13.96135,101.88192,13.84778,101.06088,115.7,google
13.96135,101.88192,13.6796,100.90547,134.0,google
13.96135,101.88192,13.7209,100.80069,146.6,google
13.91039,101.65502,16.01714,102.81953,317.9,google
13.91039,101.65502,14.72791,102.01368,122.0,google
13.91039,101.65502,15.00326,100.0304,268.8,google
13.91039,101.65502,15.2784,100.09664,271.7,google
13.91039,101.65502,16.2741,100.12904,376.6,google
13.91039,101.65502,17.22814,102.90926,442.1,google
13.91039,101.65502,13.91644,101.04417,96.5,google
13.91039,101.65502,13.84778,101.06088,89.3,google
13.91039,101.65502,13.6796,100.90547,105.8,google
13.91039,101.65502,13.7209,100.80069,118.4,google
12.64045,102.0921,15.61027,103.824,460.4,google
12.64045,102.0921,15.68264,100.46821,470.0,google
12.64045,102.0921,15.54663,102.97559,410.1,google
12.64045,102.0921,16.32573,99.63809,556.0,google
12.64045,102.0921,13.98572,100.96352,232.7,google
12.64045,102.0921,13.83999,100.96635,215.5,google
12.64045,102.0921,15.53403,100.48399,454.1,google
12.64045,102.0921,16.0598,100.0351,522.2,google
12.64045,102.0921,15.10604,100.21214,408.2,google
12.64045,102.0921,13.83162,100.9114,213.4,google
13.85167,101.0799,15.61027,103.824,471.4,google
13.85167,101.0799,15.68264,100.46821,282.5,google
13.85167,101.0799,15.54663,102.97559,369.5,google
13.85167,101.0799,16.32573,99.63809,368.5,google
13.85167,101.0799,13.98572,100.96352,28.3,google
13.85167,101.0799,13.83999,100.96635,13.4,google
13.85167,101.0799,15.53403,100.48399,266.6,google
13.85167,101.0799,16.0598,100.0351,334.7,google
13.85167,101.0799,15.10604,100.21214,220.7,google
13.85167,101.0799,13.83162,100.9114,21.1,google
14.8798,100.3025,15.61027,103.824,470.0,google
14.8798,100.3025,15.68264,100.46821,107.8,google
14.8798,100.3025,15.54663,102.97559,368.1,google
14.8798,100.3025,16.32573,99.63809,193.7,google
14.8798,100.3025,13.98572,100.96352,168.6,google
14.8798,100.3025,13.83999,100.96635,186.6,google
14.8798,100.3025,15.53403,100.48399,91.8,google
14.8798,100.3025,16.0598,100.0351,160.0,google
14.8798,100.3025,15.10604,100.21214,35.5,google
14.8798,100.3025,13.83162,100.9114,184.5,google
16.02498,103.84685,15.61027,103.824,67.0,google
16.02498,103.84685,15.68264,100.46821,443.3,google
16.02498,103.84685,15.54663,102.97559,129.0,google
16.02498,103.84685,16.32573,99.63809,561.8,google
16.02498,103.84685,13.98572,100.96352,473.0,google
16.02498,103.84685,13.83999,100.96635,490.5,google
16.02498,103.84685,15.53403,100.48399,459.7,google
16.02498,103.84685,16.0598,100.0351,499.6,google
16.02498,103.84685,15.10604,100.21214,501.4,google
16.02498,103.84685,13.83162,100.9114,490.0,google
14.80226,101.89712,15.61027,103.824,276.8,google
14.80226,101.89712,15.68264,100.46821,239.3,google
14.80226,101.89712,15.54663,102.97559,174.9,google
14.80226,101.89712,16.32573,99.63809,366.2,google
14.80226,101.89712,13.98572,100.96352,195.3,google
14.80226,101.89712,13.83999,100.96635,212.9,google
14.80226,101.89712,15.53403,100.48399,223.3,google
14.80226,101.89712,16.0598,100.0351,319.1,google
14.80226,101.89712,15.10604,100.21214,231.0,google
14.80226,101.89712,13.83162,100.9114,212.4,google
15.46899,100.15983,15.61027,103.824,498.2,google
15.46899,100.15983,15.68264,100.46821,51.7,google
15.46899,100.15983,15.54663,102.97559,396.3,google
15.46899,100.15983,16.32573,99.63809,118.6,google
15.46899,100.15983,13.98572,100.96352,227.3,google
15.46899,100.15983,13.83999,100.96635,245.3,google
15.46899,100.15983,15.53403,100.48399,50.5,google
15.46899,100.15983,16.0598,100.0351,84.8,google
15.46899,100.15983,15.10604,100.21214,54.5,google
15.46899,100.15983,13.83162,100.9114,243.2,google
15.0652,104.05148,15.61027,103.824,93.2,google
15.0652,104.05148,15.68264,100.46821,504.0,google
15.0652,104.05148,15.54663,102.97559,153.8,google
15.0652,104.05148,16.32573,99.63809,630.9,google
15.0652,104.05148,13.98572,100.96352,460.0,google
15.0652,104.05148,13.83999,100.96635,466.2,google
15.0652,104.05148,15.53403,100.48399,488.0,google
15.0652,104.05148,16.0598,100.0351,541.6,google
15.0652,104.05148,15.10604,100.21214,495.7,google
15.0652,104.05148,13.83162,100.9114,459.2,google
13.96135,101.88192,15.61027,103.824,356.8,google
13.96135,101.88192,15.68264,100.46821,311.3,google
13.96135,101.88192,15.54663,102.97559,288.5,google
13.96135,101.88192,16.32573,99.63809,412.1,google
13.96135,101.88192,13.98572,100.96352,123.7,google
13.96135,101.88192,13.83999,100.96635,125.0,google
13.96135,101.88192,15.53403,100.48399,295.3,google
13.96135,101.88192,16.0598,100.0351,378.4,google
13.96135,101.88192,15.10604,100.21214,264.4,google
13.96135,101.88192,13.83162,100.9114,132.7,google
13.91039,101.65502,15.61027,103.824,386.5,google
13.91039,101.65502,15.68264,100.46821,294.1,google
13.91039,101.65502,15.54663,102.97559,284.6,google
13.91039,101.65502,16.32573,99.63809,395.0,google
13.91039,101.65502,13.98572,100.96352,97.2,google
13.91039,101.65502,13.83999,100.96635,98.5,google
13.91039,101.65502,15.53403,100.48399,278.1,google
13.91039,101.65502,16.0598,100.0351,361.2,google
13.91039,101.65502,15.10604,100.21214,247.2,google
13.91039,101.65502,13.83162,100.9114,113.4,google
12.64045,102.0921,13.85167,101.0799,209.5,google
12.64045,102.0921,14.8798,100.3025,382.5,google
12.64045,102.0921,16.02498,103.84685,517.7,google
12.64045,102.0921,14.80226,101.89712,323.4,google
12.64045,102.0921,15.46899,100.15983,441.5,google
12.64045,102.0921,15.0652,104.05148,438.9,google
12.64045,102.0921,13.96135,101.88192,189.6,google
12.64045,102.0921,13.91039,101.65502,218.0,google
13.85167,101.0799,12.64045,102.0921,208.2,google
13.85167,101.0799,14.8798,100.3025,195.0,google
13.85167,101.0799,16.02498,103.84685,499.5,google
13.85167,101.0799,14.80226,101.89712,215.7,google
13.85167,101.0799,15.46899,100.15983,254.0,google
13.85167,101.0799,15.0652,104.05148,453.3,google
13.85167,101.0799,13.96135,101.88192,108.6,google
13.85167,101.0799,13.91039,101.65502,86.6,google
14.8798,100.3025,12.64045,102.0921,383.8,google
14.8798,100.3025,13.85167,101.0799,199.3,google
14.8798,100.3025,16.02498,103.84685,498.0,google
14.8798,100.3025,14.80226,101.89712,214.3,google
14.8798,100.3025,15.46899,100.15983,79.2,google
14.8798,100.3025,15.0652,104.05148,479.0,google
14.8798,100.3025,13.96135,101.88192,233.6,google
14.8798,100.3025,13.91039,101.65502,224.0,google
16.02498,103.84685,12.64045,102.0921,515.0,google
16.02498,103.84685,13.85167,101.0799,490.1,google
16.02498,103.84685,14.8798,100.3025,497.2,google
16.02498,103.84685,14.80226,101.89712,291.6,google
16.02498,103.84685,15.46899,100.15983,492.8,google
16.02498,103.84685,15.0652,104.05148,149.0,google
16.02498,103.84685,13.96135,101.88192,408.3,google
16.02498,103.84685,13.91039,101.65502,411.1,google
14.80226,101.89712,12.64045,102.0921,318.0,google
14.80226,101.89712,13.85167,101.0799,212.4,google
14.80226,101.89712,14.8798,100.3025,219.5,google
14.80226,101.89712,16.02498,103.84685,304.9,google
14.80226,101.89712,15.46899,100.15983,251.7,google
14.80226,101.89712,15.0652,104.05148,267.1,google
14.80226,101.89712,13.96135,101.88192,140.1,google
14.80226,101.89712,13.91039,101.65502,142.9,google
15.46899,100.15983,12.64045,102.0921,442.5,google
15.46899,100.15983,13.85167,101.0799,257.9,google
15.46899,100.15983,14.8798,100.3025,81.9,google
15.46899,100.15983,16.02498,103.84685,488.7,google
15.46899,100.15983,14.80226,101.89712,251.2,google
15.46899,100.15983,15.0652,104.05148,515.9,google
15.46899,100.15983,13.96135,101.88192,292.2,google
15.46899,100.15983,13.91039,101.65502,282.6,google
15.0652,104.05148,12.64045,102.0921,439.8,google
15.0652,104.05148,13.85167,101.0799,454.9,google
15.0652,104.05148,14.8798,100.3025,484.2,google
15.0652,104.05148,16.02498,103.84685,152.4,google
15.0652,104.05148,14.80226,101.89712,270.9,google
15.0652,104.05148,15.46899,100.15983,516.4,google
15.0652,104.05148,13.96135,101.88192,336.9,google
15.0652,104.05148,13.91039,101.65502,376.1,google
13.96135,101.88192,12.64045,102.0921,189.7,google
13.96135,101.88192,13.85167,101.0799,113.6,google
13.96135,101.88192,14.8798,100.3025,238.7,google
13.96135,101.88192,16.02498,103.84685,418.4,google
13.96135,101.88192,14.80226,101.89712,148.9,google
13.96135,101.88192,15.46899,100.15983,297.6,google
13.96135,101.88192,15.0652,104.05148,335.2,google
13.96135,101.88192,13.91039,101.65502,34.8,google
13.91039,101.65502,12.64045,102.0921,217.9,google
13.91039,101.65502,13.85167,101.0799,87.1,google
13.91039,101.65502,14.8798,100.3025,221.5,google
13.91039,101.65502,16.02498,103.84685,414.6,google
13.91039,101.65502,14.80226,101.89712,145.0,google
13.91039,101.65502,15.46899,100.15983,280.5,google
13.91039,101.65502,15.0652,104.05148,363.4,google
13.91039,101.65502,13.96135,101.88192,29.2,google
